-- phpMyAdmin SQL Dump
-- version 4.9.2
-- https://www.phpmyadmin.net/
--
-- Host: localhost
-- Generation Time: Apr 06, 2020 at 05:19 AM
-- Server version: 10.4.11-MariaDB
-- PHP Version: 7.2.26

SET SQL_MODE = "NO_AUTO_VALUE_ON_ZERO";
SET AUTOCOMMIT = 0;
START TRANSACTION;
SET time_zone = "+00:00";


/*!40101 SET @OLD_CHARACTER_SET_CLIENT=@@CHARACTER_SET_CLIENT */;
/*!40101 SET @OLD_CHARACTER_SET_RESULTS=@@CHARACTER_SET_RESULTS */;
/*!40101 SET @OLD_COLLATION_CONNECTION=@@COLLATION_CONNECTION */;
/*!40101 SET NAMES utf8mb4 */;

--
-- Database: `shop_vanilla`
--

-- --------------------------------------------------------

--
-- Table structure for table `brand`
--

CREATE TABLE `brand` (
  `brand_id` int(11) NOT NULL,
  `brand_name` varchar(70) COLLATE utf8_unicode_ci NOT NULL,
  `brand_email` varchar(70) COLLATE utf8_unicode_ci DEFAULT NULL,
  `brand_description` varchar(1000) COLLATE utf8_unicode_ci DEFAULT NULL,
  `brand_logo` varchar(70) COLLATE utf8_unicode_ci DEFAULT NULL,
  `brand_status` tinyint(1) DEFAULT 1
) ENGINE=InnoDB DEFAULT CHARSET=utf8 COLLATE=utf8_unicode_ci;

--
-- Dumping data for table `brand`
--

INSERT INTO `brand` (`brand_id`, `brand_name`, `brand_email`, `brand_description`, `brand_logo`, `brand_status`) VALUES
(1, 'Lush', 'lush@yahoo.com', '<p style=\\\"text-align:center\\\"><span style=\\\"color:#000000\\\"><strong><span style=\\\"font-family:roboto_light; font-size:16px\\\">Lush là thương hiệu nổi tiếng đến từ xứ sở xương mù, s</span></strong></span><span style=\\\"font-family:roboto_light; font-size:16px\\\">ản phẩm nối bật là nguyên liệu hoàn toàn là thiên nhiên</span></p>', 'Lush.jpg', 1),
(2, 'Glamglow', 'Glamglow@gmail.com', '<p style=\\\"text-align:center\\\"><span style=\\\"color:rgb(20, 24, 35); font-family:helvetica neue,arial,sans-serif; font-size:14px\\\"><strong>GlamGlow Mud là thương hiệu mặt nạ bùn khoáng bán chạy số 1 tại Mỹ</strong>&nbsp;</span><span style=\\\"color:rgb(20, 24, 35); font-family:helvetica neue,arial,sans-serif; font-size:14px\\\">và là sự lựa chọn hàng đầu của các ngôi sao</span></p>', 'glamglow.png', 1),
(3, 'Neutrogena', 'Neutrogena@yahoo.com.vn', '<p><strong>Thương hiệu Neutrogena</strong><span style=\\\"color:rgb(37, 37, 37); font-family:helvetica neue,arial,sans-serif; font-size:14px\\\">&nbsp;là một thương hiệu dược mỹ phẩm chăm sóc da, sữa rửa mặt, kem chống nắng, kem chống nhăn, chăm sóc tóc và mỹ phẩm của Mỹ được các chuyên gia da liễu khuyên dùng</span></p>', 'neutrogena.jpg', 1),
(4, 'Colourpop', 'Colourpop@gmail.com', '<p style=\\\"text-align: center;\\\">C<strong>olourPop là thương hiệu mỹ phẩm chuyên về các sản phẩm trang điểm đến từ Mỹ</strong>, thuộc sở hữu của Seeding Beauty</p>', 'coulorpop.png', 1),
(5, 'Maybelline', 'Maybelline@gmail.com', '<p style=\\\"text-align:center\\\"><span style=\\\"font-family:arial,helvetica,sans-serif; font-size:14px\\\"><strong>Maybellin là một thương hiệu mỹ phẩm chuyên về các sản phẩm trang điểm</strong> giá bình dân được thành lập tại Mỹ năm 1915. Bằng cách phối hợp 2 từ Mabel cùng Vaseline, cái tên Maybelline ra đời tù đó.</span></p>', 'maybelline.jpg', 1),
(6, 'Nyx', 'Nyx@yahoo.com', '<p style=\\\"text-align:center\\\"><span style=\\\"color:rgb(0, 0, 0); font-family:verdana,geneva,sans-serif; font-size:14px\\\"><strong>NYX được biết đến như một thương hiệu của biểu tưởng sắc đẹp theo năm tháng. </strong>Thương hiệu này luôn là sự lựa chọn hàng đầu của nhiều sao nổi tiếng trên thế giới từ những nhà trang điểm chuyên nghiệp cho đến những bạn gái dùng trang điểm hàng ngày.</span></p>', 'NYX.png', 1),
(7, 'Bath & Body Works', 'Bath&BodyWorks@Yahoo.com', '<p style=\\\"text-align:center\\\"><span style=\\\"font-family:arial,helvetica,sans-serif\\\"><strong>Bath &amp; Body Works</strong><span style=\\\"color:rgb(34, 34, 34); font-size:15px\\\"><strong>&nbsp;là một trong những nhà bán lẻ dẫn đầu thế giới </strong>và là ngôi nhà nước hoa của Mỹ, Bath &amp; Body Works mang đến những mùi hương độc quyền cho cơ thê như các loại sữa dưỡng thể, nước hoa, nến và hương thơm cho chính ngôi nhà của bạn.</span></span></p>', 'Bath-Body-works.jpg', 1);

-- --------------------------------------------------------

--
-- Table structure for table `comment`
--

CREATE TABLE `comment` (
  `cment_id` int(11) NOT NULL,
  `cment_title` varchar(70) COLLATE utf8_unicode_ci DEFAULT NULL,
  `cment_point` int(11) DEFAULT NULL,
  `cment_content` varchar(500) COLLATE utf8_unicode_ci NOT NULL,
  `cment_status` tinyint(1) DEFAULT 1,
  `product_id` int(11) NOT NULL,
  `cust_id` int(11) NOT NULL,
  `cment_date` timestamp NULL DEFAULT current_timestamp(),
  `user_cment` varchar(100) COLLATE utf8_unicode_ci NOT NULL,
  `product_cment` varchar(170) COLLATE utf8_unicode_ci NOT NULL,
  `reply_cment` varchar(500) COLLATE utf8_unicode_ci DEFAULT NULL
) ENGINE=InnoDB DEFAULT CHARSET=utf8 COLLATE=utf8_unicode_ci;

--
-- Dumping data for table `comment`
--

INSERT INTO `comment` (`cment_id`, `cment_title`, `cment_point`, `cment_content`, `cment_status`, `product_id`, `cust_id`, `cment_date`, `user_cment`, `product_cment`, `reply_cment`) VALUES
(1, 'Ve san pham', 2, 'Toi thich san pham nay qua', 1, 1, 1, '2020-03-26 07:44:28', 'hoangtuan', 'Kem Dưỡng Ẩm Neutrogena, Hydro Boost water Gel', 'Cảm ơn quý khách nha!'),
(2, 'Ve chat luong', 5, 'Toi thich nhan vien o day', 1, 1, 2, '2020-03-26 07:47:37', 'anhtam1', 'Kem Dưỡng Ẩm Neutrogena, Hydro Boost water Gel', 'Cảm ơn quý khách!!!'),
(3, 'Ve mau sac', 5, 'Mau sac dep', 1, 1, 1, '2020-03-26 07:47:37', 'hoangtuan', 'Kem Dưỡng Ẩm Neutrogena, Hydro Boost water Gel', NULL),
(4, NULL, 4, 'Cũng được', 1, 1, 2, '2020-04-01 02:37:45', 'anhtam1', 'Kem Dưỡng Ẩm Neutrogena, Hydro Boost water Gel', NULL),
(5, 'Tiêu đề 1', 4, 'Dở ẹc', 1, 9, 2, '2020-04-01 02:38:40', 'anhtam1', 'Kem dưỡng thể Neutrogena Hydro Boost Whipped Body Balm', 'Tại sao vậy?'),
(6, NULL, 4, 'Sản phẩm ổn', 1, 6, 2, '2020-04-01 02:40:20', 'anhtam1', 'Kem dưỡng toàn thân LUSH - Sleepy body lotion', NULL),
(7, NULL, NULL, 'tệ', 0, 6, 2, '2020-04-01 02:42:47', 'anhtam1', 'Kem dưỡng toàn thân LUSH - Sleepy body lotion', 'Cảm ơn!!'),
(8, 'Test', 1, 'Test 1', 0, 1, 2, '2020-04-01 02:47:28', 'anhtam1', 'Kem Dưỡng Ẩm Neutrogena, Hydro Boost water Gel', NULL),
(9, 'Chất lượng', 2, 'Sản phẩm ok', 1, 12, 2, '2020-04-01 03:03:53', 'anhtam1', 'Sữa tắm Neutrogena Body Clear Body Scrub', 'Cảm ơn quý khách! Hãy mua hàng nhé'),
(10, NULL, 4, 'najsdnjngja;s', 0, 1, 1, '2020-04-01 03:05:18', 'hoangtuan', 'Kem Dưỡng Ẩm Neutrogena, Hydro Boost water Gel', NULL),
(11, 'Test 2', 3, 'Test 2', 0, 15, 1, '2020-04-01 03:23:02', 'hoangtuan', 'SỮA RỬA MẶT GLAMGLOW POWERCLEANSE DAILY DUAL CLEANSER 75G', NULL),
(12, NULL, 2, 'Được', 0, 1, 2, '2020-04-02 04:09:15', 'anhtam1', 'Kem Dưỡng Ẩm Neutrogena, Hydro Boost water Gel', NULL),
(14, NULL, 3, 'Sản phẩm đẹp, ưng ý!', 1, 17, 2, '2020-04-04 13:07:33', 'anhtam1', 'Nước Hoa hồng GLAMGLOW SUPERTONER ™ Exfoliating Acid Solution Toner 200ml', NULL),
(15, NULL, 5, 'Sản phẩm tuyệt vời', 1, 12, 1, '2020-04-06 02:53:27', 'hoangtuan', 'Sữa tắm Neutrogena Body Clear Body Scrub', NULL);

-- --------------------------------------------------------

--
-- Table structure for table `customer`
--

CREATE TABLE `customer` (
  `cust_id` int(11) NOT NULL,
  `cust_name` varchar(100) COLLATE utf8_unicode_ci NOT NULL,
  `cust_tel` varchar(12) COLLATE utf8_unicode_ci NOT NULL,
  `cust_email` varchar(100) COLLATE utf8_unicode_ci NOT NULL,
  `cust_add` varchar(1000) COLLATE utf8_unicode_ci NOT NULL,
  `cust_mark` int(11) NOT NULL DEFAULT 0,
  `cust_status` tinyint(1) NOT NULL DEFAULT 1
) ENGINE=InnoDB DEFAULT CHARSET=utf8 COLLATE=utf8_unicode_ci;

--
-- Dumping data for table `customer`
--

INSERT INTO `customer` (`cust_id`, `cust_name`, `cust_tel`, `cust_email`, `cust_add`, `cust_mark`, `cust_status`) VALUES
(1, 'Tran Hoang Tuan', '22222222222', 'quang@gmail.com', '15 phạm hữu lầu, Huyện Hoàng Sa, Thành phố Đà Nẵng', 3, 1),
(2, 'Nguyen Ngoc Anh Tam', '0934464576', 'tam@gmail.com', '123 phạm hữu lầu, quận 7, tp hcm', 23, 1);

-- --------------------------------------------------------

--
-- Table structure for table `feedback`
--

CREATE TABLE `feedback` (
  `fb_id` int(11) NOT NULL,
  `fb_title` varchar(70) COLLATE utf8_unicode_ci NOT NULL,
  `fb_date` timestamp NOT NULL DEFAULT current_timestamp(),
  `fb_content` varchar(1000) COLLATE utf8_unicode_ci NOT NULL,
  `fb_status` tinyint(1) NOT NULL DEFAULT 1,
  `cust_id` int(11) NOT NULL
) ENGINE=InnoDB DEFAULT CHARSET=utf8 COLLATE=utf8_unicode_ci;

--
-- Dumping data for table `feedback`
--

INSERT INTO `feedback` (`fb_id`, `fb_title`, `fb_date`, `fb_content`, `fb_status`, `cust_id`) VALUES
(2, 'Feedback', '2020-04-05 08:04:32', 'dà', 1, 1);

-- --------------------------------------------------------

--
-- Table structure for table `news`
--

CREATE TABLE `news` (
  `n_id` int(11) NOT NULL,
  `n_date` timestamp NOT NULL DEFAULT current_timestamp(),
  `n_title` varchar(170) COLLATE utf8_unicode_ci NOT NULL,
  `n_content` varchar(10000) COLLATE utf8_unicode_ci DEFAULT NULL,
  `n_image` varchar(200) COLLATE utf8_unicode_ci DEFAULT NULL,
  `n_intro` varchar(500) COLLATE utf8_unicode_ci DEFAULT NULL
) ENGINE=InnoDB DEFAULT CHARSET=utf8 COLLATE=utf8_unicode_ci;

--
-- Dumping data for table `news`
--

INSERT INTO `news` (`n_id`, `n_date`, `n_title`, `n_content`, `n_image`, `n_intro`) VALUES
(11, '2020-04-04 10:50:50', 'Sự tấn công mạnh mẽ của mỹ phẩm thiên nhiên', '<p>Không khó để nhận ra các thương hiệu mỹ phẩm đã giảm bớt tần suất&nbsp;ra mắt những đứa con mới cho BST mỹ phẩm đồ sộ của mình. Hãy cùng nghía qua&nbsp;<a href=\"https://gioitre.vietnamnet.vn/ban-tin-lam-dep-ptag.html\" style=\"box-sizing: border-box; background-color: transparent; color: blue; text-decoration-line: none;\" title=\"bản tin làm đẹp\">bản tin làm đẹp&nbsp;</a>tuần này để xem 5 item mới toanh nào đang làm mưa làm gió thị trường làm đẹp thế giới hiện nay nhé!</p>\r\n\r\n<p><strong>1.&nbsp;<a href=\"https://gioitre.vietnamnet.vn/Tarte-ptag.html\" style=\"box-sizing: border-box; background-color: transparent; color: blue; text-decoration-line: none;\" title=\"Tarte\">Tarte&nbsp;</a>Limited Edition Lights, Camera, Lashes&nbsp;4 in 1&nbsp;Mascara</strong></p>\r\n\r\n<p>Tarte được biết đến là một trong những thương hiệu mỹ phẩm thiên nhiên được lòng rất nhiều cô nàng mộ điệu. Vì sao? Vì Tarte dựa trên tiêu chí mang đến cho khách hàng những dòng sản phẩm&nbsp;high-performance naturals (sử dụng các thành phần thiên nhiên với hiệu suất cao nhất). Và lần này, Tarte ra mắt các nàng dòng mascara Limited Edition Lights, Camera, Lashes 4 in 1.&nbsp;</p>\r\n\r\n<p><strong>2. Son bóng ánh nhũ Bite&nbsp;<a href=\"https://gioitre.vietnamnet.vn/Prismatic-Pearl-Creme-Lip-Gloss-ptag.html\" style=\"box-sizing: border-box; background-color: transparent; color: blue; text-decoration-line: none;\" title=\"Prismatic Pearl Crème Lip Gloss\">Prismatic Pearl Crème Lip Gloss</a></strong></p>\r\n\r\n<p>Thêm một ông lớn của ngành mỹ phẩm thiên nhiên xuất hiện trong bản tin làm đẹp tuần này:&nbsp;<a href=\"https://gioitre.vietnamnet.vn/Bite-Beauty-ptag.html\" style=\"box-sizing: border-box; background-color: transparent; color: blue; text-decoration-line: none;\" title=\"Bite Beauty\">Bite Beauty&nbsp;</a>. Nếu các nàng đã quen với dòng son tươi là nét đặc trưng của thương hiệu huyền thoại này, thì mới đây, Bite Beauty ra mắt dòng son bóng ánh nhũ đầy ấn tượng -&nbsp;Prismatic Pearl Crème Lip Gloss.</p>\r\n\r\n<p>&nbsp;</p>\r\n\r\n<p>&nbsp;</p>', 'post-1.jpg', '<p><br />\r\n<strong>Bản tin làm đẹp tuần này với sự góp mặt 5 item mới toanh hứa hẹn \"đốn tim\" ngay cả những cô nàng mô điệu khó tính nhất.</strong></p>'),
(12, '2020-04-04 15:10:48', 'Cách trị mụn hiệu quả khi đeo khẩu trang liên tục', '<h2><span style=\"font-size:16px\"><span style=\"font-family:helvetica neue,arial,sans-serif\">Việc sử dụng khẩu trang thường xuyên trong mùa dịch là điều cần thiết. Tuy nhiên, đây có thể là một trong những nguyên nhân khiến da của bạn thừa dầu và hình thành lên nhân mụn. Làm thế nào để vừa bảo vệ cơ thể vừa duy trì vẻ đẹp của làn da? Hãy cùng Vanilla tham khảo vài mẹo dễ làm sau đây.</span></span></h2>\r\n\r\n<h2><strong>TRỊ MỤN ĐƠN GIẢN NHỜ VÀO KHÂU LÀM SẠCH DA</strong></h2>\r\n\r\n<p><span style=\"font-size:16px\">Làm sạch da là bước&nbsp;chăm sóc da&nbsp;cơ bản nhất, đặc biệt là vào mùa dịch COVID-19. Sử dụng khẩu trang liên tục có thể khiến da bí bách và tích tụ nhiều dầu thừa, từ đó mụn có nguy cơ xuất hiện. Vì vậy, bước làm sạch da loại bỏ bã nhờn được xem là một trong những giải pháp ngăn ngừa mụn hiệu quả.</span></p>\r\n\r\n<p><span style=\"font-size:16px\">Sử dụng nước tẩy trang dịu nhẹ để làm sạch da nhanh chóng và không gây nhờn rít là điều vô cùng cần thiết. Vào giữa ngày hoặc sau khi dùng khẩu trang, bạn có thể cho một ít sản phẩm tẩy trang vào bông thấm rồi lau nhẹ khắp mặt để loại bỏ tạp chất trên da. Hơn nữa, để đảm bảo làn da luôn mịn màng, bạn nên khéo léo trong việc chọn sữa rửa mặt.</span></p>\r\n\r\n<p><span style=\"font-size:16px\"><span style=\"font-family:helvetica neue,arial,sans-serif\">Mặt khác, các nàng cũng đừng quên cân bằng độ pH cho da sau khi dùng sản phẩm rửa mặt. Bạn có thể “kết thân” với các loại toner cấp ẩm, đồng thời hỗ trợ giảm ửng đỏ và bong tróc nhằm hạn chế các tình trạng kích ứng da, giúp điều trị mụn hiệu quả. Điều đáng lưu ý, sau một ngày dài phải mang khẩu trang các nàng tuyệt đối không được bỏ qua bước làm sạch da vào buổi tối trước khi ngủ. Đây cũng được xem là bước giúp thúc đẩy quá trình hấp thụ các dưỡng chất khác.</span></span></p>\r\n\r\n<h2><strong>ĐỪNG QUÊN TẨY TẾ BÀO CHẾT CHO DA</strong></h2>\r\n\r\n<p><span style=\"font-size:16px\">Tẩy da chết cũng là cách giúp bạn giải phóng các tạp chất, bã nhờn giúp hạn chế nguy cơ bị mụn. Việc duy trì thói quen tẩy tế bào chết 2 lần/tuần sẽ bí quyết tuyệt vời giúp bạn nuôi dưỡng làn da. Ngoài ra, ở bước này còn khắc phục được cách tình trạng bít tắc lỗ chân lông, giảm lượng dầu thừa đáng kể. Đây được xem là cách trị mụn nhanh chóng giúp bạn “phù phép” làn da của mình trở nên láng mịn, căng tràn sức sống.</span></p>\r\n\r\n<p><span style=\"font-size:20px\"><strong>DƯỠNG ẨM – BƯỚC CHĂM SÓC DA CẦN THIẾT</strong></span></p>\r\n\r\n<p><span style=\"font-size:16px\"><span style=\"font-family:helvetica neue,arial,sans-serif\">Bổ sung độ ẩm giúp tăng cường khả năng tái tạo và duy trì sức sống cho làn da. Vì vậy, để bảo vệ làn da trong thời điểm này, bạn đừng bỏ qua bước cấp ẩm. Các dưỡng chất chống ôxy hoá như vitamin C, vitamin E, niacinamide… từ các loại serum, kem dưỡng sẽ mang đến cho bạn một làn da khoẻ đẹp. Đồng thời, đây cũng là cách giúp bạn đẩy lùi các tình trạng da khô ráp và lão hoá sớm.</span></span></p>\r\n\r\n<p>&nbsp;</p>', 'p2.jpg', '<p><em>Làm sao để ngăn ngừa mụn và nuôi dưỡng làn da khoẻ đẹp trong mùa dịch?</em></p>\r\n\r\n<p>&nbsp;</p>'),
(13, '2020-04-04 15:20:02', 'Làm việc tại nhà mùa dịch COVID-19, bạn cần dưỡng da như thế nào?', '<p><span style=\"font-size:16px\">Như chúng ta đã biết, ánh sáng từ màn hình thiết bị điện tử sẽ gây hại cho làn da. Tuy nhiên, ở thời điểm COVID-19 bùng lên mạnh mẽ, đã có không ít công ty yêu cầu nhân viên làm việc tại nhà để thực hiện chống dịch. Và khi làm trực tuyến tại nhà thì việc ngồi máy tính thường xuyên (thậm chí nhiều hơn 8 tiếng/ ngày do thói quen làm việc không điều độ ở nhà) là điều không thể tránh khỏi. Làn da của chúng ta từ đó cũng sẽ bị ảnh hưởng ít nhiều.</span></p>\r\n\r\n<p><span style=\"font-size:16px\">Vì vậy, để giúp các nàng không phải lo lắng về các vấn đề da, ELLE sẽ bật mí những bí quyết dưỡng da đơn giản và dễ thực hiện.</span></p>\r\n\r\n<h2><strong><span style=\"font-size:16px\">NHỮNG TÁC ĐỘNG XẤU ĐẾN LÀN DA KHI NGỒI MÁY TÍNH THƯỜNG XUYÊN</span></strong></h2>\r\n\r\n<p><span style=\"font-size:16px\">Tiếp xúc nhiều với máy tính có thể khiến da của bạn trở nên kém mịn màng và hình thành mụn. Bởi lượng nhiệt lớn do máy tính phát ra sẽ làm nóng da khiến cho các lỗ chân lông nở to và bã nhờn dễ bám sâu vào da hơn. Từ đó, da dễ bít tắc lỗ chân lông do bụi bẩn và gây ra mụn ẩn.</span></p>\r\n\r\n<p><span style=\"font-size:16px\">Bên cạnh nỗi lo lắng bởi mụn thì việc ngồi máy tính còn khiến da khô ráp và xỉn màu. Những vùng da tiếp xúc nhiều với máy tính như mặt, cổ sẽ dễ trở nên tối màu hơn các vùng khác rõ rệt. Nguy hại hơn nữa, bức xạ máy tính còn làm hư tổn cấu trúc&nbsp;collagen&nbsp;tận sâu bên trong, khiến da xuất hiện nhiều nếp nhăn và thúc đẩy quá trình lão hoá.</span></p>\r\n\r\n<p>&nbsp;</p>\r\n\r\n<h2><strong><span style=\"font-size:16px\">CÁCH ĐẨY LÙI NHỮNG TÁC ĐỘNG XẤU GÂY HẠI CHO DA</span></strong></h2>\r\n\r\n<p><span style=\"font-size:16px\">Để khắc phục những tình trạng xấu tác ảnh hưởng đến làn da, bạn cần áp dụng những mẹo sau đây để bảo vệ nhan sắc của mình.</span></p>\r\n\r\n<h3><strong><span style=\"font-size:16px\">TẠO THÓI QUEN RỬA MẶT THƯỜNG XUYÊN</span></strong></h3>\r\n\r\n<p><span style=\"font-size:16px\">Ngoài các bước làm sạch da vào mỗi sáng và tối trước khi ngủ, bạn nên rửa mặt sau 2 giờ ngồi làm việc trên máy tính. Cách này giúp loại bỏ bớt lượng bụi bẩn trên mặt và 70% lượng bức xạ bám trên da. Nhờ đó giúp da khoẻ mạnh, ngăn ngừa mụn, lão hoá và các vấn đề khác.</span></p>\r\n\r\n<h3><strong><span style=\"font-size:16px\">XỊT KHOÁNG – BỔ SUNG ĐỘ ẨM</span></strong></h3>\r\n\r\n<p><span style=\"font-size:16px\">Xịt khoáng được xem là giải pháp giúp da được cấp ẩm nhanh chóng. Những cô nàng ngồi máy tính thường xuyên khi làm việc tại nhà cần sở hữu sản phẩm xịt khoáng chứa những thành phần giữ nước. Các loại xịt khoáng chứa các chất như hyaluronic acid và glycerin sẽ giúp cân bằng lượng nước cần thiết cho da. Bằng cách này, bạn có thể bảo vệ da khỏi tình trạng khô ráp,&nbsp;chống lão hoá hiệu quả.</span></p>\r\n\r\n<h3><strong><span style=\"font-size:16px\">SỬ DỤNG KEM DƯỠNG MỖI NGÀY LÀ BƯỚC KHÔNG THỂ THIẾU</span></strong></h3>\r\n\r\n<p><span style=\"font-size:16px\"><span style=\"font-family:helvetica neue,arial,sans-serif\">Bên cạnh việc xịt khoáng cấp ẩm,&nbsp;</span>kem dưỡng<span style=\"font-family:helvetica neue,arial,sans-serif\">&nbsp;cũng là bí quyết giúp bạn giữ cho làn da của mình luôn mướt mịn. Trước khi dùng máy tính, bạn nên thoa một lớp kem dưỡng da mỏng, tạo một lớp màng chắn bảo vệ da dưới những tác hại từ thiết bị điện tử. Hơn nữa, dưỡng ẩm còn giúp giảm hiện tượng mất nước, luôn mang đến cho bạn làn da căng bóng và đầy sức sống.</span></span></p>\r\n\r\n<p>&nbsp;</p>', 'p3.jpg', '<p><em>Đâu là những bí quyết giúp bạn giữ gìn nhan sắc khi ở nhà làm việc vào mùa dịch?</em></p>'),
(14, '2020-04-04 15:23:44', 'Cách trị mụn hiệu quả dành cho cô nàng “cú đêm”', '<p><span style=\"font-family:helvetica neue,arial,sans-serif\">Với nhịp sống hiện đại ngày nay, việc thức khuya dường như đã trở thành thói quen của mọi cô gái. Có thế nói, đây chính là nguyên nhân hình thành nên một cơn ác mộng mang tên “mụn” đối với phái đẹp. Để giải quyết tất cả nỗi lo của các cô nàng cú đêm, một số cách trị mụn được gợi ý dưới đây sẽ giúp nàng tự tin lấy lại nhan sắc rạng rỡ của mình.</span></p>\r\n\r\n<p><span style=\"font-family:helvetica neue,arial,sans-serif\">Thức khuya không những gây hại cho sức khoẻ mà còn khiến làn da của bạn trở nên thiếu sức sống hơn. Đây cũng là một trong những tác hại có thể khiến da bạn nhanh chóng xuất hiện các dấu hiệu&nbsp;</span>lão hoá<span style=\"font-family:helvetica neue,arial,sans-serif\">.</span></p>\r\n\r\n<p>Việc tăng cường chế độ dinh dưỡng cho cơ thể vừa tốt cho sức khoẻ vừa mang lại vẻ đẹp cho làn da. Một chế độ dinh dưỡng hợp lý sẽ cung cấp đủ dưỡng chất và độ ẩm, giúp da không mất đi độ đàn hồi. Từ đó, việc thức khuya sẽ không phải là nỗi ám ảnh khiến bạn lo sợ những đốm mụn xuất hiện. Đồng thời, bổ sung nhiều thực phẩm giàu vitamin, khoáng chất và protein sẽ giúp da khoẻ đẹp và căng tràn sức sống.</p>\r\n\r\n<p>Khi thức khuya, cơ thể sẽ dễ rơi vào trạng thái suy nhược bởi bạn phải hoạt động liên tục mà không có thời gian nghỉ ngơi. Đồng thời làn da của những nàng “cú đêm” cũng trở nên khô ráp và kém sắc. Thói quen thức khuya sẽ khiến cho cơ thể bị mất đi lượng nước rất lớn, khiến da nhanh chóng bị khô và dễ lão hoá sớm. Do đó, việc cung cấp đủ lượng nước cho cơ thể chính là giải pháp tuyệt vời giúp da phục hồi sức sống. Uống từ 2 – 2,5 lít nước mỗi ngày là cách tốt nhất giúp bạn tự tin sở hữu làn da trắng mịn, không tỳ vết.</p>\r\n\r\n<p>Đừng quên rằng, việc chăm sóc da mỗi ngày đều rất cần thiết cho dù bạn có thức khuya hay không. Đây là một trong những cách trị mụn hữu hiệu dành cho các tín đồ làm đẹp. Quan trọng, đối với nàng cú đêm, bạn cần lưu ý hơn về cách nâng niu làn da của mình.</p>\r\n\r\n<p>Như đã biết, ban đêm là thời điểm tốt nhất để da đào thải các độc tố và phục hồi sau một ngày dài hoạt động. Nếu bạn muốn tự tin với vẻ ngoài tươi tắn từ làn da của mình thì không thể bỏ các bước skincare trong thời gian này. Bởi đây sẽ là cách hiệu quả nhất giúp da cân bằng độ ẩm, hạn chế lượng dầu thừa, tác nhân hình thành mụn.</p>\r\n\r\n<p>Việc mất nước sẽ khiến da bạn trở nên sạm đen, thiếu sức sống và dễ dàng xuất hiện các đốm mụn. Vì vậy, sử dụng mặt nạ giấy là một gợi ý hoàn hảo giúp nàng bổ sung đầy đủ các dưỡng chất cũng như độ ẩm cho da. Những loại mặt nạ giấy với công dụng&nbsp;<a href=\"https://www.elle.vn/bi-quyet-khoe-va-dep/kem-duong-am-danh-cho-da-mun\" rel=\"noopener noreferrer\" style=\"box-sizing: border-box; background-color: transparent; color: rgb(125, 158, 198); text-decoration-line: none; transition: color 0.3s ease-out 0s;\" target=\"_blank\">dưỡng ẩm</a>&nbsp;chắc chắn sẽ là “cứu tinh” cho cô nàng cú đêm. Ngoài ra, bạn đừng quên đầu tư thêm các loại mặt nạ dành riêng cho mắt, giúp ngăn ngừa tình trạng thâm quầng.</p>\r\n\r\n<p><span style=\"font-family:helvetica neue,arial,sans-serif\">Sau các bước kem dưỡng, massage da mặt là việc vô cùng cần thiết dành cho phái đẹp. Các động tác nhẹ nhàng trên da không những giúp da săn chắc mà còn hỗ trợ hấp thu các dưỡng chất tốt hơn. Đặc biệt, việc massage giúp lưu thông máu và cải thiện tình trạng xỉn màu do thức khuya. Kết hợp một ít dầu dưỡng ẩm trong quá trình massage cũng là ý tưởng tuyệt vời mang lại làn da căng bóng, mướt mịn.</span></p>\r\n\r\n<p>&nbsp;</p>', 'p4.jpg', '<p><em>Nếu bạn muốn đánh bay những đốm mụn xấu xí thì đừng bỏ qua những mẹo chăm sóc da dưới đây.</em></p>');

-- --------------------------------------------------------

--
-- Table structure for table `orderdetail`
--

CREATE TABLE `orderdetail` (
  `orderDetail_id` int(11) NOT NULL,
  `orderDetail_price` float NOT NULL,
  `orderDetail_quantity` int(11) NOT NULL,
  `order_id` int(11) NOT NULL,
  `product_id` int(11) NOT NULL,
  `product_name` varchar(255) COLLATE utf8_unicode_ci NOT NULL
) ENGINE=InnoDB DEFAULT CHARSET=utf8 COLLATE=utf8_unicode_ci;

--
-- Dumping data for table `orderdetail`
--

INSERT INTO `orderdetail` (`orderDetail_id`, `orderDetail_price`, `orderDetail_quantity`, `order_id`, `product_id`, `product_name`) VALUES
(64, 329000, 1, 78, 1, 'Kem Dưỡng Ẩm Neutrogena, Hydro Boost water Gel'),
(65, 780000, 2, 79, 6, 'Kem dưỡng toàn thân LUSH - Sleepy body lotion'),
(66, 200000, 1, 80, 4, 'Sữa tắm Bath and Body Works Shower Gel - Japanese Cherry Blossom'),
(67, 250000, 1, 80, 12, 'Sữa tắm Neutrogena Body Clear Body Scrub'),
(68, 180000, 1, 80, 28, 'Bút Kẻ Mắt Nước Maybelline Hyper Sharp Laser Eyeliner'),
(69, 540000, 1, 81, 7, 'Sữa tắm LUSH - Dirty Springwash shower gel'),
(70, 180000, 1, 82, 2, 'Dưỡng thể Ultra Shea Body Cream - Clementine & Mint Leaves (226g)'),
(71, 295000, 1, 83, 9, 'Kem dưỡng thể Neutrogena Hydro Boost Whipped Body Balm'),
(72, 218000, 2, 83, 24, 'Kem Nền Mịn Lì Maybelline 30ml'),
(73, 295000, 1, 84, 10, 'Dầu gội Neutrogena TGel Therapeutic Shampoo Original Formula'),
(74, 370000, 2, 84, 19, 'Sữa Rửa Mặt Lush Herbalism 100g'),
(75, 540000, 1, 85, 7, 'Sữa tắm LUSH - Dirty Springwash shower gel'),
(76, 250000, 1, 86, 3, 'Sữa tắm Bath and Body Works Aromatheraphy Stress Relief Eucalyptus Spearmint'),
(77, 180000, 1, 87, 2, 'Dưỡng thể Ultra Shea Body Cream - Clementine & Mint Leaves (226g)'),
(78, 329000, 1, 88, 1, 'Kem Dưỡng Ẩm Neutrogena, Hydro Boost water Gel'),
(81, 130000, 1, 91, 29, 'Chì Kẻ Mày Maybelline Define-Blend Brow Pencil'),
(82, 180000, 1, 92, 28, 'Bút Kẻ Mắt Nước Maybelline Hyper Sharp Laser Eyeliner'),
(83, 130000, 1, 93, 29, 'Chì Kẻ Mày Maybelline Define-Blend Brow Pencil'),
(84, 329000, 1, 93, 1, 'Kem Dưỡng Ẩm Neutrogena, Hydro Boost water Gel'),
(85, 326000, 2, 94, 20, 'Sữa Rửa Mặt Neutrogena Oil-Free Acne Wash - 269ml'),
(86, 420000, 1, 95, 8, 'Dưỡng thể Neutrogena Hydro Boost Body Gel Cream'),
(87, 750000, 1, 95, 39, 'Tinh chất Glamglow SUPERSERUM™ 30ml');

-- --------------------------------------------------------

--
-- Table structure for table `orders`
--

CREATE TABLE `orders` (
  `order_id` int(11) NOT NULL,
  `order_date` timestamp NOT NULL DEFAULT current_timestamp(),
  `order_confirm` tinyint(1) DEFAULT NULL,
  `order_delivery` tinyint(1) DEFAULT NULL,
  `order_status` tinyint(1) DEFAULT NULL,
  `cust_id` int(11) DEFAULT NULL,
  `cust_tel` varchar(13) COLLATE utf8_unicode_ci NOT NULL,
  `cust_name` varchar(100) COLLATE utf8_unicode_ci NOT NULL,
  `cust_add` varchar(500) COLLATE utf8_unicode_ci NOT NULL,
  `order_price` varchar(255) COLLATE utf8_unicode_ci NOT NULL,
  `order_note` varchar(255) COLLATE utf8_unicode_ci DEFAULT NULL,
  `cust_email` varchar(100) COLLATE utf8_unicode_ci NOT NULL
) ENGINE=InnoDB DEFAULT CHARSET=utf8 COLLATE=utf8_unicode_ci;

--
-- Dumping data for table `orders`
--

INSERT INTO `orders` (`order_id`, `order_date`, `order_confirm`, `order_delivery`, `order_status`, `cust_id`, `cust_tel`, `cust_name`, `cust_add`, `order_price`, `order_note`, `cust_email`) VALUES
(78, '2020-04-01 16:19:17', 0, 0, 0, 2, '0934464576', 'Minh Hoai', '12 abc quan 20 tp hcm', '312550', NULL, 'hoai@gmail.com'),
(79, '2020-04-01 16:19:56', 1, 0, 1, 1, '22222222222', 'NGUYEN NGOC ANH TAM', '15 phạm hữu lầu, Huyện Hoàng Sa, Thành phố Đà Nẵng', '1560000', NULL, 'quang@gmail.com'),
(80, '2020-04-01 16:20:53', 0, 0, 1, NULL, '0967275890', 'NGUYEN NGOC ANH TAM', '15 phạm hữu lầu, Huyện An Lão, Thành phố Hải Phòng', '630000', 'abc', 'red@gmail.com'),
(81, '2020-04-01 16:25:39', 0, 0, 0, NULL, '0968473859', 'Minh Tâm', '15 phạm hữu lầu, phường 11, Quận 11, Thành phố Hồ Chí Minh', '540000', 'ghi chú 1', 'blue@gmail.com'),
(82, '2020-04-01 16:26:49', 1, 1, 1, NULL, '56565656565', 'NGUYEN NGOC ANH TAM', '15 phạm hữu lầu, Quận Cẩm Lệ, Thành phố Đà Nẵng', '180000', 'ghi chu 2', 'anhtamit2019@gmail.com'),
(83, '2020-04-01 16:27:32', 0, 0, 0, 1, '22222222222', 'NGUYEN NGOC ANH TAM', '15 phạm hữu lầu, Huyện Hoàng Sa, Thành phố Đà Nẵng', '731000', NULL, 'quang@gmail.com'),
(84, '2020-04-01 16:28:11', 0, 0, 0, 2, '0934464576', 'Minh Hoai', '12 abc quan 20 tp hcm', '983250', NULL, 'hoai@gmail.com'),
(85, '2020-04-01 16:29:59', 0, 0, 0, 2, '0934464576', 'Minh Hoai', '12 abc quan 20 tp hcm', '513000', NULL, 'hoai@gmail.com'),
(86, '2020-04-01 16:32:12', 0, 0, 1, 2, '0934464576', 'Minh Hoai', '12 abc quan 20 tp hcm', '237500', NULL, 'hoai@gmail.com'),
(87, '2020-04-02 03:13:29', 1, 1, 1, 2, '0934464576', 'Minh Hoai', '12 abc quan 20 tp hcm', '171000', NULL, 'hoai@gmail.com'),
(88, '2020-04-02 03:47:20', 0, 0, 1, 2, '0934464576', 'Minh Hoai', '12 abc quan 20 tp hcm', '312550', NULL, 'hoai@gmail.com'),
(91, '2020-04-04 12:16:59', 0, 0, 1, 2, '0934464576', 'Nguyen Ngoc Anh Tam', '12 abc quan 20 tp hcm', '123500', NULL, 'tam@gmail.com'),
(92, '2020-04-05 10:46:14', 0, 0, 0, 2, '0934464576', 'Nguyen Ngoc Anh Tam', '12 abc quan 20 tp hcm', '171000', NULL, 'tam@gmail.com'),
(93, '2020-04-05 13:05:49', 0, 0, 1, 2, '0934464576', 'Nguyen Ngoc Anh Tam', '12 abc quan 20 tp hcm', '436050', NULL, 'tam@gmail.com'),
(94, '2020-04-05 14:12:22', 0, 0, 1, 2, '0934464576', 'Nguyen Ngoc Anh Tam', '123 phạm hữu lầu, quận 7, tp hcm', '619400', NULL, 'tam@gmail.com'),
(95, '2020-04-06 02:05:20', 0, 0, 1, NULL, '0967363748', 'Minh Tam', '15 bình chánh, phường abc, Quận 1, Thành phố Hồ Chí Minh', '1170000', 'giao lúc 9h sáng', 'red@gmail.com');

-- --------------------------------------------------------

--
-- Table structure for table `product`
--

CREATE TABLE `product` (
  `product_id` int(11) NOT NULL,
  `product_title` varchar(170) COLLATE utf8_unicode_ci NOT NULL,
  `product_price` float NOT NULL,
  `product_description` varchar(5000) COLLATE utf8_unicode_ci NOT NULL,
  `product_highlight` varchar(500) COLLATE utf8_unicode_ci NOT NULL,
  `product_date` timestamp NOT NULL DEFAULT current_timestamp(),
  `product_quantity` int(11) NOT NULL,
  `product_status` tinyint(1) NOT NULL DEFAULT 1,
  `brand_id` int(11) NOT NULL,
  `productType_id` int(11) NOT NULL,
  `product_image` varchar(255) COLLATE utf8_unicode_ci NOT NULL
) ENGINE=InnoDB DEFAULT CHARSET=utf8 COLLATE=utf8_unicode_ci;

--
-- Dumping data for table `product`
--

INSERT INTO `product` (`product_id`, `product_title`, `product_price`, `product_description`, `product_highlight`, `product_date`, `product_quantity`, `product_status`, `brand_id`, `productType_id`, `product_image`) VALUES
(1, 'Kem Dưỡng Ẩm Neutrogena, Hydro Boost water Gel', 329000, '<p>Dưỡng ẩm không chỉ là công việc cần thiết với làn da khô mà thực tế một làn da dầu không được dưỡng ẩm cẩn thận cũng rất dễ “xuống cấp” và bị mụn hơn. Tuy nhiên, làn da dầu lại có phần “đỏng đảnh” hơn da khô bởi không phải sản phẩm dưỡng ẩm nào nó cũng “chấp nhận”. Thấu hiểu điều này, thương hiệu dược mỹ phẩm nổi tiếng của Mỹ, Neutrogena đã nghiên cứu và cho ra mắt sản phẩm kem dưỡng ẩm Neutrogena hydro boost với thành phần cấp nước Hyaluronic Acid sẽ nhanh chóng mang đến cho bạn làn da ẩm mịn căng đầy sức sống. Kem dưỡng ẩm dạng gel với nhẹ và mát, dễ dàng hấp thu vào da mà không gây cảm giác nhờn dính. Sản phẩm hỗ trợ dưỡng ẩm cho da, giúp da mềm mịn, phù hợp với mọi làn da, đặc biệt là làn da dầu, da mụn.</p>\r\n\r\n<p><strong>Ưu điểm:</strong></p>\r\n\r\n<p>- Kem Neutrogena kết cấu dạng gel lỏng, nhẹ và mát, dễ dàng hấp thu vào da mà không gây cảm giác nhờn dính.</p>\r\n\r\n<p>- Sử dụng kem dưỡng da Neutrogena hydro boost những ngày thời tiết hanh khô hỗ trợ cấp nước, dưỡng ẩm giúp da mềm mịn.</p>\r\n\r\n<p>- Kem dưỡng Neutrogena có hương thơm mát dịu nhẹ, mang lại cảm giác thư giãn dễ chịu cho người dùng.</p>\r\n\r\n<p>- Neutrogena hydro boost water gel kết cấu mỏng nhẹ (lightweight) và không dầu (oil-free), phù hợp cho mọi loại da. Neutrogena hydro boost aqua gel là phiên bản sản xuất cho thị trường Pháp cũng dành cho mọi loại da. Neutrogena hydro boost gel Cream cho da khô, rất khô.</p>\r\n\r\n<p>Tên sản phẩm: Kem Dưỡng Ẩm Neutrogena. Hãng sản xuất: Neutrogena. Xuất xứ: Pháp. Trọng lượng: 50ml. Đơn vị tính: 1 hộp. Kem Dưỡng Ẩm Neutrogena, Hydro Boost water Gel - Mọi loại da.</p>', '<p>- Dòng kem dưỡng da chiết xuất từ thiên nhiên. Giải pháp mới cho các cô nàng da dầu.</p>\r\n\r\n<p>- Chiết xuất dạng gel nhẹ dịu cho da.</p>\r\n\r\n<p>- Sản phẩm không chứa dầu không chứa màu tổng hợp, cấp nước ngày đêm, se khít lỗ chân lông, chống mụn hiệu quả</p>', '2020-03-26 07:40:42', 63, 1, 3, 103, 'sp11.jpg'),
(2, 'Dưỡng thể Ultra Shea Body Cream', 180000, '<p>Nàng nào chưa biết về hãng Bath &amp; Body Works thì hãy mau cập nhật nha. Đây là một nhãn hiệu chuyên về các sản phẩm dưỡng thể và chăm sóc da của tập đoàn Victoria’s Secret. Thế mạnh của Bath &amp; Body Works không chỉ ở sản phẩm chất lượng giúp duy trì làn da mềm mại, tươi trẻ, mà còn ở các loại mùi hương đa dạng và đầy sức hút. Dòng dưỡng thể của hãng khi tung ra thị trường đã chiếm trọn tình yêu của biết bao cô gái</p>\r\n\r\n<p>Sản phẩm cung cấp vitamin E và khoáng chất giúp giữ ẩm thường xuyên cho làn da bằng một lớp sữa mịn màng sẽ giúp bạn đánh bật vẻ xù xì, thô ráp do thời tiết lạnh hay nắng gắt gây ra và có được làn da rạng rỡ, tươi sáng</p>\r\n\r\n<p>Cung cấp 24 giờ nuôi dưỡng độ ẩm để làm mềm cả da khô nhất. Với công thức không nhờn, thẩm thấu vào da nhanh, cung cấp hương thơm ngọt ngào quyến rũ suốt cả ngày và đêm</p>\r\n\r\n<p>Thương hiệu : Bath &amp; Body Works Xuất xứ : Mỹ Dung tích : 226g</p>', '<p>Sản phẩm cung cấp vitamin E và khoáng chất giúp giữ ẩm thường xuyên cho làn da bằng một lớp sữa mịn màng sẽ giúp bạn đánh bật vẻ xù xì, thô ráp do thời tiết lạnh hay nắng gắt gây ra và có được làn da rạng rỡ, tươi sáng</p>', '2020-03-27 02:07:21', 67, 1, 7, 201, 'Duong-the-Ultra-Shea-Body-Cream-Clementine-Mint-Leaves-1.jpg'),
(3, 'Sữa tắm Bath and Body Works Aromatheraphy Stress Relief Eucalyptus Spearmint', 250000, '<p><span style=\"color:rgba(0, 0, 0, 0.8); font-family:helvetica neue,helvetica,arial,文泉驛正黑,wenquanyi zen hei,hiragino sans gb,儷黑 pro,lihei pro,heiti tc,微軟正黑體,microsoft jhenghei ui,microsoft jhenghei,sans-serif; font-size:14px\">Dòng sản phẩm Aromatherapy của Bath &amp; Body Works là dòng cao cấp, chuyên dành cho các bạn có nhu cầu spa tại nhà. Mỗi dòng sản phẩm của Aromatherapy đều có hương thơm độc đáo riêng, đi theo những cung bậc khác hẳn nhau. Có những mùi hương trầm ấm quyến rũ, có những mùi hương ngọt ngào dịu dàng, cũng có những mùi mát mẻ tươi tắn .. tất cả đều chiết xuất từ tự nhiên, an toàn cho da. </span></p>\r\n\r\n<p><span style=\"color:rgba(0, 0, 0, 0.8); font-family:helvetica neue,helvetica,arial,文泉驛正黑,wenquanyi zen hei,hiragino sans gb,儷黑 pro,lihei pro,heiti tc,微軟正黑體,microsoft jhenghei ui,microsoft jhenghei,sans-serif; font-size:14px\">Gel tắm Bath&amp;Body Work Sleep - Lavender Vanilla Gel tắm giúp thử giãn trước khi ngủ với chiết xuất từ tinh dầu Lavender và hoa Vanilla cho hương thơm cực dễ chịu, nhanh chóng nhẹ nhàng đi vào giấc mộng </span></p>\r\n\r\n<p><span style=\"color:rgba(0, 0, 0, 0.8); font-family:helvetica neue,helvetica,arial,文泉驛正黑,wenquanyi zen hei,hiragino sans gb,儷黑 pro,lihei pro,heiti tc,微軟正黑體,microsoft jhenghei ui,microsoft jhenghei,sans-serif; font-size:14px\">Với thông điệp \" Relax and think clearly\", sản phẩm giúp bạn giảm căng thẳng, stress suốt cả ngày dài làm việc mệt mỏi, Bath &amp; Body Works cho ra dòng sản phẩm Stress Relief giúp bạn tận hưởng cuộc sống từng giây từng phút và.... bất cứ lúc nào bạn muốn.&nbsp;</span><span style=\"color:rgba(0, 0, 0, 0.8); font-family:helvetica neue,helvetica,arial,文泉驛正黑,wenquanyi zen hei,hiragino sans gb,儷黑 pro,lihei pro,heiti tc,微軟正黑體,microsoft jhenghei ui,microsoft jhenghei,sans-serif; font-size:14px\">Mùi hương từ tinh dầu khuynh diệp, lá bạc hà,...mát mẻ, tươi tắn, mùi tinh dầu càng tỏa ra khi bạn kết hợp massage nhiều hơn, thấy sảng khoái lắm lắm! </span></p>\r\n\r\n<p><span style=\"color:rgba(0, 0, 0, 0.8); font-family:helvetica neue,helvetica,arial,文泉驛正黑,wenquanyi zen hei,hiragino sans gb,儷黑 pro,lihei pro,heiti tc,微軟正黑體,microsoft jhenghei ui,microsoft jhenghei,sans-serif; font-size:14px\">Dung tích: 295ml</span></p>\r\n\r\n<p><span style=\"color:rgba(0, 0, 0, 0.8); font-family:helvetica neue,helvetica,arial,文泉驛正黑,wenquanyi zen hei,hiragino sans gb,儷黑 pro,lihei pro,heiti tc,微軟正黑體,microsoft jhenghei ui,microsoft jhenghei,sans-serif; font-size:14px\">Xuất xứ: Mỹ</span></p>', '<p>Vanilla Gel tắm giúp thử giãn trước khi ngủ với chiết xuất từ tinh dầu Lavender và hoa Vanilla cho hương thơm cực dễ chịu, nhanh chóng nhẹ nhàng đi vào giấc mộng Với thông điệp \" Relax and think clearly\", sản phẩm giúp bạn giảm căng thẳng, stress suốt cả ngày dài làm việc mệt mỏi, Bath &amp; Body Works cho ra dòng sản phẩm Stress Relief giúp bạn tận hưởng cuộc sống từng giây từng phút và.... bất cứ lúc nào bạn muốn.</p>', '2020-03-27 02:22:06', 69, 1, 7, 203, 'Sua-tam-Bath-and-Body-Works-Aromatheraphy-Stress-Relief-Eucalyptus-Spearmint-1.jpg'),
(4, 'Sữa tắm Bath and Body Works Shower Gel - Japanese Cherry Blossom', 200000, '<p>Bath and Body Works từ Mỹ</p>\r\n\r\n<p>Dung tích: 296ml</p>\r\n\r\n<p>Bath and Body Works là một nhãn hiệu chung tập đoàn với Victoria’s Secret. Đây là thương hiệu có uy tín lâu năm trong ngành công nghiệp chăm sóc cơ thể. Có nhiều loại hương vị thơm ngát, bao gồm gel tắm, kem, nến, nước hoa… và các phụ kiện với hương nguyên liệu chủ yếu từ thiên nhiên, không gây kích ứng da. Mùi hương đa dạng &amp; chất lượng tuyệt vời</p>\r\n\r\n<p>Thích nhất là mùi hương đa dạng của Bath &amp; Body Works. Có thể nói tốc độ ra sản phẩm mới của Bath and Body Works nhanh như vũ bão khi mà hàng năm hãng đều đặn cho ra vài chục mẫu mới để update xu hướng &amp; theo season.</p>\r\n\r\n<p>Nếu bạn là một người thích nước hoa thì shop cam đoan rằng với bất kỳ một sản phẩm nào của Bath and Body Works ra đời, chắc chắn bạn cũng sẽ rất thích nó.</p>', '<p>Đây là thương hiệu có uy tín lâu năm trong ngành công nghiệp chăm sóc cơ thể. Có nhiều loại hương vị thơm ngát, bao gồm gel tắm, kem, nến, nước hoa… và các phụ kiện với hương nguyên liệu chủ yếu từ thiên nhiên, không gây kích ứng da</p>', '2020-03-27 02:27:43', 76, 1, 7, 203, 'Sua-tam-Bath-and-Body-Works-Shower-Gel-Japanese-Cherry-Blossom-1.jpg'),
(5, 'Bánh dầu gội đầu LUSH Shampoo bar', 320000, '<p>Đây ko phải bánh, đây là dầu gội Lush lành tính nhất quả đất luônnnnn. Mùi thơm và mượt tóc dã man ihhhh, lại chống rụng luôn nhaaaa. Nay em về đủ mùi, hàng có sẵn tại shop</p>\r\n\r\n<p>Bánh dầu gội LUSH - ShampooBar</p>\r\n\r\n<p>1. New -Hồng cam - Cho tóc rụng yếu Thành phần: Hương thảo, đinh hương, quế và tinh dầu bạc hà.&nbsp; Tác dụng chính: Kích thích mọc tóc, giảm rụng, làm chắc khỏe tóc</p>\r\n\r\n<p>2. Montalbano - Vàng - Cho tóc dầu, bết Thành phần: Ô liu xanh, tinh dầu chanh vàng, nước chanh tươi, vỏ chanh tươi, tinh chất hương thảo, tinh chất hoa dành dành Công dụng: Giảm dầu, tạo độ óng ả cho tóc</p>\r\n\r\n<p>3. Seanik -Xanh biển - Tóc dầu, mỏng&nbsp; Thành phần: gel rêu Ireland, tảo Nori Nhật Bản, muối biển tinh chế, tinh dầu chanh, tinh chất cây trinh nữ, tinh chất hoa cam, tinh chất hoa nhài Công dụng: Làm mềm, sạch dầu nhờn và làm phồng tóc</p>\r\n\r\n<p>Cách dùng: Làm ướt tóc và tay rồi xoa đều bánh 3-4 lần để tạo bọt. Khi mới xong tóc sẽ có cảm giác hơi rít nhưng khi khô thì tóc sẽ rất mềm và tơi ngay. Có thể dùng thêm dầu xả tùy tóc bạn nha. Cứ thử 2 lần dùng dầu xả hay không dùng để biết tóc hợp cái nào hơn. Mỗi bánh 55g tương đương dầugội 400ml- với 60-80 lần gội, sử dụng được khoảng 4 tháng hoặc 60 đến 80 lần gội tuỳ theo độ dài của tóc</p>', '<p>Đây ko phải bánh, đây là dầu gội Lush lành tính nhất quả đất luônnnnn. Mùi thơm và mượt tóc dã man ihhhh, lại chống rụng luôn nhaaaa. Nay em về đủ mùi, hàng có sẵn tại shop</p>', '2020-03-27 02:34:10', 76, 1, 1, 202, 'Banh-dau-goi-dau-LUSH-Shampoo-bar-1.jpg'),
(6, 'Kem dưỡng toàn thân LUSH - Sleepy body lotion', 780000, '<p>Kem dưỡng toàn thân LUSH - Sleepy body lotion. Cuộc sống càng ngày phát triển, có quá nhiều áp lực dẫn đến số người mất ngủ ngày càng tăng lên. Có một số người bị mất ngủ nặng đến mức kể cả uống thuốc ngủ cũng không thể giúp họ thiếp đi.</p>\r\n\r\n<p>Nếu bạn vẫn đang loay hoay, chật vật với nỗi sợ mất ngủ, thì sản phẩm mới ra đời của Lush, kem dưỡng thân thể, mang tên Sleepy có thể là giải pháp cho bạn. . Sản phẩm kem dưỡng thể Sleepy của hãng Lush, Anh Quốc là một loại kem dưỡng thể dạng bơ, được làm từ các thành phần thân thiện với da như yến mạch, dầu oải hương, dầu Tonka và dầu Ylang Ylang. Những thành phần này có tác dụng làm thư giãn và nhanh chóng đem tới giấc ngủ cho người sử dụng.</p>\r\n\r\n<p>Sau khi được chia sẻ trên mạng, nhiều khách hàng đã thử mua Sleepy về dùng thử. Thật bất ngờ là phần lớn người dùng đều choáng váng với tác dụng thần kỳ của nó. Rất nhiều người mua đã công nhận Sleepy chữa hoàn toàn chứng mất ngủ, giúp họ thư giãn và dễ ngủ hơn. Giờ đây, họ đã có thể ngủ ngon giấc, dù trước đó gần như bất lực với chứng mất ngủ mãn tính của mình.</p>\r\n\r\n<p>Trang web chính thức của Lush, công ty sản xuất kem dưỡng da này đã nhận được gần 100 bình luận tích cực về những tác dụng thần sầu mà sản phẩm \"Sleepy\" này mang lại.</p>', '<p>Sản phẩm kem dưỡng thể Sleepy của hãng Lush, Anh Quốc là một loại kem dưỡng thể dạng bơ, được làm từ các thành phần thân thiện với da như yến mạch, dầu oải hương, dầu Tonka và dầu Ylang Ylang</p>', '2020-03-27 02:58:58', 69, 1, 1, 201, 'Kem-duong-toan-than-LUSH-Sleepy-body-lotion-1.jpg'),
(7, 'Sữa tắm LUSH - Dirty Springwash shower gel', 540000, '<p>Đã quá quen thuộc và là một trong những bestsellers nổi tiếng với những người yêu thích dòng Body Spray của nhà LUSH, Dirty vô cùng được ưa chuộng bởi mùi hương mới lạ mà quyến rũ cùng khả năng lưu lại mùi bền bỉ trên cơ thể sau mỗi lần sử dụng. Em sữa tắm Dirty Springwash cũng không ngoại lệ!</p>\r\n\r\n<p>Đúng như tên gọi vốn có, Dirty Springwash Shower Gel dẫn lối bạn tới những dãy núi ngút ngàn, nơi mà mùa xuân đang gieo khắp nơi sức sống và sự sinh sôi lên vạn vật, cỏ cây.</p>\r\n\r\n<p>Sau một ngày làm việc mệt nhọc, còn gì tuyệt vời hơn là được đầm mình trong làn nước mát và tận hưởng khung cảnh thiên nhiên tuyệt vời ấy đơn giản chỉ cần nhắm mắt và thả hồn cho mùi hương thơm ngát và thanh khiết massage toàn bộ tế bào trên cơ thể bạn.</p>\r\n\r\n<p>Hít một hơi thật sâu và từ từ cảm nhận những tinh thể bạc hà và tinh dầu bạc hà bao quanh, cùng với đó là một làn sóng muối biển thơm mát phủ lên cơ thể bạn. Hợp chất Glycerin cung cấp nhiều khoáng chất và độ ẩm hỗ trợ cho việc chăm sóc, tái tạo da, giúp da luôn căng phồng tươi mát một cách tự nhiên nhất.</p>\r\n\r\n<p>Thời gian để dọn dẹp và gột rửa những ưu tư, phiền muộn của cuộc sống đã tới, hãy cùng Dirty thư giãn và dìu dắt bạn tới một ngày mới sảng khoái, tươi mới hơn nhé!</p>\r\n\r\n<p>Quá tuyệt cho một em sữa tắm nhỏ gọn mà đầy quyền năng này đúng không?</p>', '<p>Sau một ngày làm việc mệt nhọc, còn gì tuyệt vời hơn là được đầm mình trong làn nước mát và tận hưởng khung cảnh thiên nhiên tuyệt vời ấy đơn giản chỉ cần nhắm mắt và thả hồn cho mùi hương thơm ngát và thanh khiết massage toàn bộ tế bào trên cơ thể bạn</p>', '2020-03-27 03:08:41', 77, 1, 1, 203, 'Sua-tam-LUSH-Dirty-Springwash-shower-gel-1.jpg'),
(8, 'Dưỡng thể Neutrogena Hydro Boost Body Gel Cream', 420000, '<p><span style=\"color:rgba(0, 0, 0, 0.8); font-family:helvetica neue,helvetica,arial,文泉驛正黑,wenquanyi zen hei,hiragino sans gb,儷黑 pro,lihei pro,heiti tc,微軟正黑體,microsoft jhenghei ui,microsoft jhenghei,sans-serif; font-size:14px\">Độ an toàn. </span></p>\r\n\r\n<p><span style=\"color:rgba(0, 0, 0, 0.8); font-family:helvetica neue,helvetica,arial,文泉驛正黑,wenquanyi zen hei,hiragino sans gb,儷黑 pro,lihei pro,heiti tc,微軟正黑體,microsoft jhenghei ui,microsoft jhenghei,sans-serif; font-size:14px\">- Được kiểm nghiệm dưới sự giám sát của các chuyên gia da liễu. </span></p>\r\n\r\n<p><span style=\"color:rgba(0, 0, 0, 0.8); font-family:helvetica neue,helvetica,arial,文泉驛正黑,wenquanyi zen hei,hiragino sans gb,儷黑 pro,lihei pro,heiti tc,微軟正黑體,microsoft jhenghei ui,microsoft jhenghei,sans-serif; font-size:14px\">- Không chứa hương liệu không tối cho sức khỏe. </span></p>\r\n\r\n<p><span style=\"color:rgba(0, 0, 0, 0.8); font-family:helvetica neue,helvetica,arial,文泉驛正黑,wenquanyi zen hei,hiragino sans gb,儷黑 pro,lihei pro,heiti tc,微軟正黑體,microsoft jhenghei ui,microsoft jhenghei,sans-serif; font-size:14px\">- Tuyệt đối an toàn với da. </span></p>\r\n\r\n<p><span style=\"color:rgba(0, 0, 0, 0.8); font-family:helvetica neue,helvetica,arial,文泉驛正黑,wenquanyi zen hei,hiragino sans gb,儷黑 pro,lihei pro,heiti tc,微軟正黑體,microsoft jhenghei ui,microsoft jhenghei,sans-serif; font-size:14px\">Công dụng </span></p>\r\n\r\n<p><span style=\"color:rgba(0, 0, 0, 0.8); font-family:helvetica neue,helvetica,arial,文泉驛正黑,wenquanyi zen hei,hiragino sans gb,儷黑 pro,lihei pro,heiti tc,微軟正黑體,microsoft jhenghei ui,microsoft jhenghei,sans-serif; font-size:14px\">– Hyaluronic Acid tinh khiết: Là một chất có trong da tự nhiên giúp tăng độ ẩm cho da. Nó hoạt động như một miếng bọt biển, hấp thụ đến 1000 lần trọng lượng của nó trong nước. Và sau đó truyền vào da, giữ cho da được ngậm nước và mềm mại suốt cả ngày. - Nếu bạn đã từng thử nghiệm với đủ các loại bơ dưỡng thể, dầu dưỡng thực vật da cơ thể vẫn nứt nẻ, thô ráp có thể nguyên nhân là sản phảm tạo màng khóa không cho da mất nước, nhưng bản thân da lại chưa được “uống nước” đầy đủ. Sử dụng kem dưỡng Neutrogena có thể giúp bạn cải thiện độ ẩm của da hiệu quả. </span></p>\r\n\r\n<p><span style=\"color:rgba(0, 0, 0, 0.8); font-family:helvetica neue,helvetica,arial,文泉驛正黑,wenquanyi zen hei,hiragino sans gb,儷黑 pro,lihei pro,heiti tc,微軟正黑體,microsoft jhenghei ui,microsoft jhenghei,sans-serif; font-size:14px\">- Neutrogena Hydro Boost Body Gel Cream giúp tăng cường độ ẩm cho tế bào da. Kem không gây nhờn, hấp thụ ngay lập tức vào da. Chứa mùi thơm dịu nhẹ dặc trưng của dòng sản phẩm Hydro Boost. </span></p>\r\n\r\n<p><span style=\"color:rgba(0, 0, 0, 0.8); font-family:helvetica neue,helvetica,arial,文泉驛正黑,wenquanyi zen hei,hiragino sans gb,儷黑 pro,lihei pro,heiti tc,微軟正黑體,microsoft jhenghei ui,microsoft jhenghei,sans-serif; font-size:14px\">Thành phần </span></p>\r\n\r\n<p><span style=\"color:rgba(0, 0, 0, 0.8); font-family:helvetica neue,helvetica,arial,文泉驛正黑,wenquanyi zen hei,hiragino sans gb,儷黑 pro,lihei pro,heiti tc,微軟正黑體,microsoft jhenghei ui,microsoft jhenghei,sans-serif; font-size:14px\">Mặc dù chúng tôi cố gắng liệt kê các thành phần trong mô tả này chính xác nhất có thể, chúng tôi không thể đảm bảo rằng các thành phần ở đây là đầy đủ, cập nhật và không có lỗi. Vui lòng tham khảo danh sách thành phần trên bao bì sản phẩm để biết danh sách thành phần chính xác nhất. </span></p>\r\n\r\n<p><span style=\"color:rgba(0, 0, 0, 0.8); font-family:helvetica neue,helvetica,arial,文泉驛正黑,wenquanyi zen hei,hiragino sans gb,儷黑 pro,lihei pro,heiti tc,微軟正黑體,microsoft jhenghei ui,microsoft jhenghei,sans-serif; font-size:14px\">Other: Water, C12-15 Alkyl Benzoate, Cetyl Alcohol, Glycerin,... </span></p>\r\n\r\n<p><span style=\"color:rgba(0, 0, 0, 0.8); font-family:helvetica neue,helvetica,arial,文泉驛正黑,wenquanyi zen hei,hiragino sans gb,儷黑 pro,lihei pro,heiti tc,微軟正黑體,microsoft jhenghei ui,microsoft jhenghei,sans-serif; font-size:14px\">HƯỚNG DẪN SỬ DỤNG </span></p>\r\n\r\n<p><span style=\"color:rgba(0, 0, 0, 0.8); font-family:helvetica neue,helvetica,arial,文泉驛正黑,wenquanyi zen hei,hiragino sans gb,儷黑 pro,lihei pro,heiti tc,微軟正黑體,microsoft jhenghei ui,microsoft jhenghei,sans-serif; font-size:14px\">Sử dụng: Sử dụng kem dưỡng Neutrogena Hydro Boost Body Gel Cream ngay sau khi tắm Bảo quản: Nơi khô ráo, thoáng mát. Tránh ánh nắng trực tiếp, nơi có nhiệt độ cao hoặc ẩm ướt. Đậy nắp kín sau khi sử dụng.</span></p>', '<p>Neutrogena Hydro Boost Body Gel Cream&nbsp;giúp tăng cường độ ẩm cho tế bào da. Kem không gây nhờn, hấp thụ ngay lập tức vào da. Chứa mùi thơm dịu nhẹ dặc trưng của dòng sản phẩm Hydro Boost.</p>', '2020-03-27 03:30:58', 78, 1, 3, 201, 'Duong-the-Neutrogena-Hydro-Boost-Body-Gel-Cream-1.jpg'),
(9, 'Kem dưỡng thể Neutrogena Hydro Boost Whipped Body Balm', 295000, '<p>Neutrogena Hydro Boost Whipped Body Balm là sản phẩm dưỡng ẩm hoàn hảo dành cho da khô đến da quá khô. Sản phẩm giúp bạn nhanh chóng cải thiện tình trạng da khô ráp, cấp ẩm kịp thời cho da ẩm mịn và căng tràn sức sống nhờ thành phần chính là Hyaluronic Acid.</p>\r\n\r\n<p>Ngoài ra sản phẩm còn chứa Glycerin – Hoạt chất dưỡng và giữ ẩm vượt trội được sử dụng rộng rãi nhất trong các các sản phẩm skincare từ sữa rửa mặt cho đến kem dưỡng ẩm để tăng cường khả năng dưỡng ẩm cho làn da mướt mịn.</p>\r\n\r\n<p>Sản phẩm có kết cấu mỏng nhẹ, dễ dàng thẩm thấu vào da mà không gây nhờn rít, bết dính hay bí bít lỗ chân lông. Đặc biệt thành phần hoàn toàn không chứa Paraben nên cực kì an toàn với làn da.</p>', '<p>Kem dưỡng thể Neutrogena Hydro Boost Whipped Body Balm dưỡng ẩm cùng các dưỡng chất siêu nhẹ, không gây nhờn rít và thấm vào da nhanh chóng.&nbsp;Sử dụng kem dưỡng da mỗi ngày để cải thiện giao diện làn da khô theo thời gian. Sản phẩm rất thích hợp cho làn da khô đến rất khô.</p>', '2020-03-27 03:36:23', 72, 1, 3, 201, 'Kem-duong-the-Neutrogena-Hydro-Boost-Whipped-Body-Balm-1.jpg'),
(10, 'Dầu gội Neutrogena TGel Therapeutic Shampoo Original Formula', 295000, '<h4>Độ an toàn.</h4>\r\n\r\n<p>– Được kiểm nghiệm dưới sự giám sát của các chuyên gia da liễu.</p>\r\n\r\n<p>– Không chứa hương liệu không tối cho sức khỏe.</p>\r\n\r\n<p>– Tuyệt đối an toàn với da.</p>\r\n\r\n<h4>Công dụng</h4>\r\n\r\n<p>– Neutrogena T/Gel Dầu gội có tác dụng như một phương thức điều trị và kiểm soát các triệu chứng của gầu, mảng ngứa da đầu.</p>\r\n\r\n<p>– iều trị kiểm soát bệnh vẩy nến, eczema, viêm da tiết bã nhờn</p>\r\n\r\n<p>– Điều trị gàu thông thường.</p>\r\n\r\n<p>– Bác sĩ da liễu khuyên dùng.</p>\r\n\r\n<p>– Dầu Gội Trị Gàu Neutrogena TGel Therapeutic Shampoo Original Formula là công thức độc đáo, có một mùi thơm dễ chịu, nhiều bọt giúp điều trị ngứa, mảng bám da đầu giúp duy trì một da đầu khỏe mạnh và mái tóc sạch mượt.</p>\r\n\r\n<h4>Thành phần</h4>\r\n\r\n<p>Than Tar 0,5% (2% Neutar® Solubilized Than Tar Extract) (Chống gàu, Chống viêm da tiết bã, Chống vẩy nến)</p>\r\n\r\n<p>– Được khoa học chứng minh rằng các thành phần hoạt chất trong Neutrogena TGel Therapeutic Shampoo Original Formula tiếp tục làm việc trong nhiều giờ kể cả sau khi gội đầu được gội sạch</p>\r\n\r\n<p>Thành phần phụ:</p>\r\n\r\n<p>Nước, Cocamidopropyl Betaine, Natri C14-16 Olefin Sulfonate, Linoleamidopropyl PG-Dimonium Clorua Phosphate, Natri Lauroyl Sarcosine, Polyqu Parentium-22, Hexylene Glycol, Sodium Citrate.</p>\r\n\r\n<p>HƯỚNG DẪN SỬ DỤNG</p>\r\n\r\n<p>Sử dụng:</p>\r\n\r\n<p>Để có kết quả tốt nhất, sử dụng ít nhất hai lần một tuần hoặc theo chỉ dẫn của bác sĩ.</p>\r\n\r\n<p>B1: Làm ướt tóc kỹ.</p>\r\n\r\n<p>B2: Massage lượng dầu gội T / Sal® tự do vào da đầu.</p>\r\n\r\n<p>B3: Để lại bọt trên da đầu trong vài phút.</p>\r\n\r\n<p>B4: Rửa sạch và gội lại một lần nữa để đạt được hiệu quả tốt nhất.</p>\r\n\r\n<p>Bảo quản:</p>\r\n\r\n<p>Nơi khô ráo, thoáng mát.</p>\r\n\r\n<p>Tránh ánh nắng trực tiếp, nơi có nhiệt độ cao hoặc ẩm ướt.</p>\r\n\r\n<p>Đậy nắp kín sau khi sử dụng.</p>', '<p>Neutrogena TGel Therapeutic Shampoo Original Formula&nbsp;là công thức độc đáo, có một mùi thơm dễ chịu, nhiều bọt giúp điều trị ngứa, mảng bám da đầu giúp duy trì một da đầu khỏe mạnh và mái tóc sạch mượt</p>', '2020-03-27 03:44:08', 77, 1, 3, 202, 'Dau-goi-Neutrogena-TGel-Therapeutic-Shampoo-Original-Formula-1.jpg'),
(11, 'Dưỡng thể Ultra Shea Body Cream - Clementine & Mint Leaves (226g)', 305000, '<p><span style=\"color:rgba(0, 0, 0, 0.8); font-family:helvetica neue,helvetica,arial,文泉驛正黑,wenquanyi zen hei,hiragino sans gb,儷黑 pro,lihei pro,heiti tc,微軟正黑體,microsoft jhenghei ui,microsoft jhenghei,sans-serif; font-size:14px\">Nàng nào chưa biết về hãng Bath &amp; Body Works thì hãy mau cập nhật nha. Đây là một nhãn hiệu chuyên về các sản phẩm dưỡng thể và chăm sóc da của tập đoàn Victoria’s Secret. Thế mạnh của Bath &amp; Body Works không chỉ ở sản phẩm chất lượng giúp duy trì làn da mềm mại, tươi trẻ, mà còn ở các loại mùi hương đa dạng và đầy sức hút. Dòng dưỡng thể của hãng khi tung ra thị trường đã chiếm trọn tình yêu của biết bao cô gái </span></p>\r\n\r\n<p><span style=\"color:rgba(0, 0, 0, 0.8); font-family:helvetica neue,helvetica,arial,文泉驛正黑,wenquanyi zen hei,hiragino sans gb,儷黑 pro,lihei pro,heiti tc,微軟正黑體,microsoft jhenghei ui,microsoft jhenghei,sans-serif; font-size:14px\">Sản phẩm cung cấp vitamin E và khoáng chất giúp giữ ẩm thường xuyên cho làn da bằng một lớp sữa mịn màng sẽ giúp bạn đánh bật vẻ xù xì, thô ráp do thời tiết lạnh hay nắng gắt gây ra và có được làn da rạng rỡ, tươi sáng </span></p>\r\n\r\n<p><span style=\"color:rgba(0, 0, 0, 0.8); font-family:helvetica neue,helvetica,arial,文泉驛正黑,wenquanyi zen hei,hiragino sans gb,儷黑 pro,lihei pro,heiti tc,微軟正黑體,microsoft jhenghei ui,microsoft jhenghei,sans-serif; font-size:14px\">Cung cấp 24 giờ nuôi dưỡng độ ẩm để làm mềm cả da khô nhất. </span></p>\r\n\r\n<p><span style=\"color:rgba(0, 0, 0, 0.8); font-family:helvetica neue,helvetica,arial,文泉驛正黑,wenquanyi zen hei,hiragino sans gb,儷黑 pro,lihei pro,heiti tc,微軟正黑體,microsoft jhenghei ui,microsoft jhenghei,sans-serif; font-size:14px\">Với công thức không nhờn, thẩm thấu vào da nhanh, cung cấp hương thơm ngọt ngào quyến rũ suốt cả ngày và đêm</span></p>\r\n\r\n<p><span style=\"color:rgba(0, 0, 0, 0.8); font-family:helvetica neue,helvetica,arial,文泉驛正黑,wenquanyi zen hei,hiragino sans gb,儷黑 pro,lihei pro,heiti tc,微軟正黑體,microsoft jhenghei ui,microsoft jhenghei,sans-serif; font-size:14px\">Thương hiệu : Bath &amp; Body Works </span></p>\r\n\r\n<p><span style=\"color:rgba(0, 0, 0, 0.8); font-family:helvetica neue,helvetica,arial,文泉驛正黑,wenquanyi zen hei,hiragino sans gb,儷黑 pro,lihei pro,heiti tc,微軟正黑體,microsoft jhenghei ui,microsoft jhenghei,sans-serif; font-size:14px\">Xuất xứ : Mỹ </span></p>\r\n\r\n<p><span style=\"color:rgba(0, 0, 0, 0.8); font-family:helvetica neue,helvetica,arial,文泉驛正黑,wenquanyi zen hei,hiragino sans gb,儷黑 pro,lihei pro,heiti tc,微軟正黑體,microsoft jhenghei ui,microsoft jhenghei,sans-serif; font-size:14px\">Dung tích : 226g</span></p>', '<p><span style=\"color:rgba(0, 0, 0, 0.8); font-family:helvetica neue,helvetica,arial,文泉驛正黑,wenquanyi zen hei,hiragino sans gb,儷黑 pro,lihei pro,heiti tc,微軟正黑體,microsoft jhenghei ui,microsoft jhenghei,sans-serif; font-size:14px\">Cung cấp 24 giờ nuôi dưỡng độ ẩm để làm mềm cả da khô nhất. </span></p>\r\n\r\n<div>&nbsp;</div>', '2020-03-27 03:49:22', 80, 1, 3, 202, 'Dau-goi-Neutrogena-Triple-Moisture-Cream-Lather-Shampoo-1.jpg'),
(12, 'Sữa tắm Neutrogena Body Clear Body Scrub', 250000, '<p>Dành được cho cả Nam lẫn Nữ luôn nha !!!</p>\r\n\r\n<div style=\"box-sizing: border-box; color: rgb(112, 112, 112); font-family: Inter, sans-serif; font-size: 16px; -webkit-tap-highlight-color: transparent !important;\">\r\n<p>Body Clear<em>®</em>&nbsp;Body Scrub còn có tác dụng điều trị mụn và các vết thâm do mụn để lại trên cơ thể bạn, với thành phần Salicylic Acis sẽ giúp bạn giải quyết triệt để các vấn đề về mụn một cách hiệu quả nhất.</p>\r\n\r\n<p>Sản phẩm sử dụng công nghệ microbeads nhẹ nhàng quét sạch các lớp tế bào chết trên da bạn, giúp bạn có được làn da trắng sáng và mịn màng hơn bao giờ hết.</p>\r\n\r\n<p>Bạn sẽ cảm nhận một làn da hoàn toàn mới ngay sau lần đầu sử dụng. Một làn da mềm mại, trắng sáng và tươi mới đang chờ đợi bạn với sữa tắm trị mụn và tẩy tế bào chết Body Clear<em>®</em>&nbsp;Body Scrub.</p>\r\n\r\n<p>Sữa tắm Neutrogena body clear wash phù hợp với những đối tượng sau: Bạn là người đang cần một sản phẩm trụ mụn đầu đen ở vùng lưng, ngực và toàn cơ thể; đang tìm một loại sữa tắm giúp bạn giảm stress và các mệt mỏi trong công việc. Hoặc bạn muốn tìm một loại sữa tắm không làm to lỗ chân lông của bạn và làm sạch giúp bạn thư giản sau nhiều giờ làm việc mệt mỏi.</p>\r\n\r\n<p><strong><em>Hướng dẫn sử dụng sữa tắm trị mụn Body Clear Body wash của Neutrogena</em></strong><br />\r\n<br />\r\n<span style=\"color:rgb(112, 112, 112); font-family:inter,sans-serif; font-size:16px\">1. Làm ướt cơ thể.</span><br />\r\n<br />\r\n<span style=\"color:rgb(112, 112, 112); font-family:inter,sans-serif; font-size:16px\">2. Dùng một lượng vừa đủ pha vào bồn tắm hoặc tạo bọt với bông tắm</span><br />\r\n<br />\r\n<span style=\"color:rgb(112, 112, 112); font-family:inter,sans-serif; font-size:16px\">3. Massage toàn thân, tập trung nhiều vào vùng da bị mụn , sau đó rửa sạch lại với nước.</span></p>\r\n</div>', '<p>Bạn sẽ cảm nhận một làn da hoàn toàn mới ngay sau lần đầu sử dụng. Một làn da mềm mại, trắng sáng và tươi mới đang chờ đợi bạn với sữa tắm trị mụn và tẩy tế bào chết Neutrogena Body Clear Body Scrub.&nbsp;Mùi hương thơm mát, dễ chịu, giúp thư giãn sau một ngày hoạt động mệt mỏi.</p>', '2020-03-27 03:57:31', 76, 1, 3, 203, 'Sua-tam-Neutrogena-Body-Clear-Body-Scrub-1.jpg'),
(13, 'Sữa tắm Neutrogena RainBath Fresh Plum', 340000, '<p><span style=\"font-size:14px\"><span style=\"color:rgb(40, 40, 40); font-family:roboto,sans-serif\">Vào mùa hè, làn da bạn sẽ là mục tiêu bị tấn công bởi những yếu tố môi trường và mồ hôi cơ thể và nếu không được khắc phục kịp thời, tình trạng khô ráp,&nbsp;lão hóa da&nbsp;sẽ nhanh chóng xảy ra.&nbsp;Việc nhanh chóng tìm&nbsp;cách trị da khô toàn thân&nbsp;chính là phương thức giúp bạn chống lại thời tiết nóng bức này.&nbsp;Một sản phẩm nổi bật gần đây chính là&nbsp;sữa tắm dạng gel.&nbsp;sữa tắm</span><span style=\"color:rgb(40, 40, 40); font-family:roboto,sans-serif\">&nbsp;RainBath Fresh Plum chăm sóc và nâng niu cho làn da mềm mại, tươi trẻ mà không hề gây nhờn.&nbsp;Neutrogena&nbsp;là một trong những nhãn hiệu nổi tiếng ở Mỹ và Châu Âu.</span></span></p>\r\n\r\n<p><span style=\"font-size:14px\">Trời nắng nóng khiến cơ thể thoát mồ hôi nhiều, các chất cặn bã thoát theo mồ hôi thoát qua lỗ chân lông. Vì vậy việc làm sạch da trong mùa hè là cực kì quan trọng. Bạn nên lựa chọn những loại sữa tắm dạng gel thay vì sữa. Vì dạng sữa chứa nhiều chất dưỡng ẩm có thể gây ách tắc lỗ chân lông. Trong khi đó dạng gel giúp làm sạch nhẹ dịu cho da.</span></p>\r\n\r\n<p><strong><span style=\"font-size:14px\">Ưu điểm của sữa tắm&nbsp;Neutrogena RainBath Fresh Plum:</span></strong></p>\r\n\r\n<ul>\r\n	<li><span style=\"font-size:14px\">Hương thơm độc đáo từ các loại trái cây và thảo dược, cung cấp cho làn da một cảm giác tươi mát, sạch sẽ, tươi đánh thức giác quan của bạn và làm sạch toàn bộ cơ thể của bạn.</span></li>\r\n	<li><span style=\"font-size:14px\">Bên cạnh đó Sữa tắm Neutrogena Rainbath&nbsp;Fresh Plum còn có công dụng đặc trị mụn lưng</span></li>\r\n	<li><span style=\"font-size:14px\">Thành phần chính có vitamin C thiên nhiên từ trái cây, tinh chất trà xanh và trái lê nên sẽ giúp da sáng mịn.</span></li>\r\n	<li><span style=\"font-size:14px\">Sữa tắm Neutrogena Rainbath có mùi thơm rất dễ chịu nên khi tắm cảm giác rất relax</span></li>\r\n	<li><span style=\"font-size:14px\">Hương thơm đặc biệt kết hợp từ các loại quả, thảo mộc và hương liệu làm lay động các giác quan, tạo sự thư giãn và sảng khoái.</span></li>\r\n</ul>', '<ul>\r\n	<li><span style=\"font-size:14px\">Bên cạnh đó Sữa tắm Neutrogena Rainbath&nbsp;Fresh Plum còn có công dụng đặc trị mụn lưng</span></li>\r\n	<li><span style=\"font-size:14px\">Thành phần chính có vitamin C thiên nhiên từ trái cây, tinh chất trà xanh và trái lê nên sẽ giúp da sáng mịn.</span></li>\r\n	<li><span style=\"font-size:14px\">Sữa tắm Neutrogena Rainbath có mùi thơm rất dễ chịu nên khi tắm cảm giác rất relax</span></li>\r\n</ul>', '2020-03-27 04:04:51', 80, 1, 3, 203, 'Sua-tam-Neutrogena-RainBath-Fresh-Plum-1.jpg'),
(14, 'GLAMGLOW – Kem Dưỡng GLOWSTARTER™ Mega Illuminating Moisturizer', 1425000, '<p>– Sản phẩm vừa có khả năng dưỡng ẩm cho da, vừa có khả năng tạo độ căng bóng bắt sáng nên có thể dùng làm kem bắt sáng.</p>\r\n\r\n<p>– Chứa acid hyaluronic và bột ngọc trai cho làn da khoẻ mạnh, mượt mà cả trong lẫn ngoài.</p>\r\n\r\n<p>– Bột ngọc trai vừa giúp đẩy lùi các dấu hiệu oxi hoá, vừa tăng độ bắt sáng cho da luôn lung linh rạng ngời.</p>\r\n\r\n<p>– Chiết xuất các loại thảo dược cung cấp dưỡng chất, tăng khả năng đề kháng cho da, giúp da sáng hơn, mềm mượt và khoẻ mạnh.</p>\r\n\r\n<p>– Có thể che khuyết điểm nhẹ cho da, bạn có thể dùng bôi khắp mặt làm kem lót, hoặc nhấn ở những vùng bắt sáng trên mặt để tạo khối.</p>', '<p>Sản phẩm cung cấp vitamin E và khoáng chất giúp giữ ẩm thường xuyên cho làn da bằng một lớp sữa mịn màng sẽ giúp bạn đánh bật vẻ xù xì, thô ráp do thời tiết lạnh hay nắng gắt gây ra và có được làn da rạng rỡ, tươi sáng</p>', '2020-03-27 04:21:38', 80, 1, 2, 103, 'GLAMGLOW–Kem-Duong-GLOWSTARTER-Mega-Illuminating-Moisturizer-1.jpg'),
(15, 'SỮA RỬA MẶT GLAMGLOW POWERCLEANSE DAILY DUAL CLEANSER 75G', 830000, '<p>Sữa rửa mặt đình đám từ nhà GlamGlow rất hợp với da dầu mụn, giúp loại bỏ bụi bẩn, dầu thừa gây bí tắc lỗ chân lông, giúp cải thiện tình trạng mụn, làm đều màu da và hỗ trợ quá trình chống lão hoá. Bảng thành phần không quá dài nhưng chứa nhiều thành phần sáng giá như glycerin, kaolin hay citric acid giúp thông thoáng lỗ chân lông mà không gây ra tình trạng khô căng.</p>\r\n\r\n<p>Đất sét kaolin có trong em này chứa kẽm với tác dụng kháng viêm, thúc đẩy quá trình phát triển tế bào, cân bằng sự điều tiết bã nhờn, hỗ trợ cải thiện tình trạng mụn. Ngoài ra, nó còn chứa silic nhôm hiệu quả để làm liền sẹo và sát khuẩn, silica giúp kiềm dầu, còn canxi là thành phần chính tạo nên lớp biểu bì. Sử dụng em này sẽ mang lại tác dụng hút độc tố, cặn bã và cuốn đi lớp tế bào chết để các lỗ chân lông thoáng sạch, góp phần mang lại làn da tươi sáng hơn.</p>\r\n\r\n<p>Citric Acid cũng thuộc vào hàng AHA (Alpha Hydroxy Acid), do đó Citric Acid có thể mang lại hiệu quả làm bong tróc tế bào da chết, giúp lỗ chân lông thông thoáng, loại bỏ được cả dầu thừa, bã nhờn đang tắc nghẽn trong nang lông, tạo điều kiện cho việc xâm nhập của thành phần dưỡng da diễn ra hiệu quả hơn, các lớp tế bào da hư tổn trên bề mặt khi Citric Acid tác động cũng dễ dàng bong ra nhanh chóng, từ đó kích thích sản sinh tế bào da mới thay thế, giúp hình thành làn da khỏe mạnh hơn, tươi trẻ, mượt mà, rạng rỡ hơn</p>\r\n\r\n<p>Sản phẩm còn chứa castor oil - dầu hải ly giúp làm sáng da, giảm thâm do mụn, kháng viêm và kháng khuẩn cực tốt, ngăn ngừa mụn phát sinh. Cùng với glycerin, dầu hải ly sẽ giúp cung cấp độ ẩm cần thiết cho da, giúp da không bị khô căng.</p>', '<p>Chứa castor oil - dầu hải ly giúp làm sáng da, giảm thâm do mụn, kháng viêm và kháng khuẩn cực tốt, ngăn ngừa mụn phát sinh. Cùng với glycerin, dầu hải ly sẽ giúp cung cấp độ ẩm cần thiết cho da, giúp da không bị khô căng</p>', '2020-03-27 04:28:47', 77, 1, 2, 101, 'SUA-RUA-MAT-GLAMGLOW-POWERCLEANSE-DAILY-DUAL-CLEANSER-75G-1.png'),
(16, 'SỬA RỬA MẶT GLAMGLOW YOUTHCLEANSE', 1150000, '<p style=\"text-align:justify\">- &nbsp;GLAMGLOW là một thương hiệu skincare đình đám nhất Châu Âu. Sản phẩm nổi tiếng nhất của thương hiệu này chính là mặt nạ, vì sản phẩm luôn mang lại hiệu quả tất thì sau lần đầu sử dụng. Sau thành công của mặt nạ, thương hiệu này đã một lần nữa gây sốt với sản phẩm sửa rửa mặt tẩy da chết hoàn toàn thiên nhiên YOUTHCLEANCE này.</p>\r\n\r\n<p style=\"text-align:justify\">- Sửa rửa mặt tẩy da chết của GLAMGLOW với chiết xuất từ thảo dược thiên nhiên, mang một mùi hương dịu nhẹ của lá trà xanh, mùi hương thoảng thoảng của tinh chất trà xanh tạo cảm giác thư giản sau khi sử dụng.</p>\r\n\r\n<p style=\"text-align:justify\">- Tuy là sửa rửa mặt tẩy da chết nhưng sản phẩm này rất dịu nhe mang, những hạt bọt mềm mịn sẽ nhẹ nhàng lấy đi da chết và bụi bẩn trên gương mặt, loại bỏ cả các cặn bạ tận sau bên trong lỗ chân lông của làn da. Làm sạch hoàn toàn làn da của bạn,&nbsp;bạn sẽ dễ dàng cảm nhận được ngay sau lần đầu tiên sử dụng.</p>\r\n\r\n<p style=\"text-align:justify\">- &nbsp;Vì thành phần trong sản phẩm lành tính&nbsp;chiết xuất hoàn toàn từ thiên nhiên nên dễ phù hợp với mọi loại da, hoàn toàn không gây kích ứng và làm khô da. Sản phẩm sẽ mang đến một làn da căn mịn và trắng sáng, đặc biệt làm sạch tận gốc giúp cho các dưỡng chất của bước dưỡng da tiếp theo thắm sâu và nâng cao hiệu qủa của từng sản phẩm. Điểm đặc biệt là dù sản phẩm chỉ là sửa rửa mặt thông thương nhưng bên trong được cung cấp thêm dưỡng chất dưỡng da giúp làn da chống lai các dấu hiệu lão hoá và giúp bảo vệ làn da khỏi&nbsp;tác nhân gây hại ô nhiễm không khí ngoài môi trường hiện nay.</p>', '<p>Sửa rửa mặt tẩy da chết của GLAMGLOW với chiết xuất từ thảo dược thiên nhiên, mang một mùi hương dịu nhẹ của lá trà xanh, mùi hương thoảng thoảng của tinh chất trà xanh tạo cảm giác thư giản sau khi sử dụng.</p>', '2020-03-27 04:33:34', 80, 1, 2, 101, 'Sua-Rua-Mat-GLAMGLOW-YOUTHCLEANSE-1.jpg'),
(17, 'Nước Hoa hồng GLAMGLOW SUPERTONER ™ Exfoliating Acid Solution Toner 200ml', 745000, '<p>Năm nay Glamglow mới cho ra một vài sản phẩm chăm sóc da mới trong đó có em toner. :D Đọc công dụng làm sạch và se lỗ chân lông có vẻ thích.</p>\r\n\r\n<p>Nàng nào da dầu, lỗ chân lông to thử em này ko? SUPERTONER ™ là toner làm sạch sâu lỗ chân lông và loại bỏ các tế bào chết trên bề mặt da. Được cung cấp bởi Super Six Acid Blend, một hỗn hợp cực mạnh của AHA tẩy tế bào chết, BHA và PHA và than hoạt tính, công thức đặc biệt giúp làm se lỗ chân long và làm làn da sáng rõ lên.</p>\r\n\r\n<p>Phù hợp nhất cho các loại da dầu và da hỗn hợp.</p>\r\n\r\n<p>Thích hợp cho da dễ bị mụn trứng cá.</p>', '<p>Được cung cấp bởi Super Six Acid Blend, một hỗn hợp cực mạnh của AHA tẩy tế bào chết, BHA và PHA và than hoạt tính, công thức đặc biệt giúp làm se lỗ chân long và làm làn da sáng rõ lên. Phù hợp nhất cho các loại da dầu và da hỗn hợp.</p>', '2020-03-27 04:46:00', 80, 1, 2, 105, 'Nuoc-Hoa-hong-GLAMGLOW-SUPERTONER-Exfoliating-Acid-Solution-Toner-200ml.png'),
(18, 'Kem dưỡng ẩm Celestial Facial Moisturiser – Lush', 735000, '<p>Xuất xứ : Anh</p>\r\n\r\n<p>Thương hiệu : Lush</p>\r\n\r\n<p>Dung tích : 45g</p>\r\n\r\n<p>Phù hợp với mọi loại da . Đặc biệt dành cho da nhạy cảm.</p>\r\n\r\n<p>– Với thành phần chủ yếu là bơ cacao có tác dụng làm dịu da, tạo 1 lớp bảo vệ giúp da duy trì độ ẩm hiệu quả mà không kích ứng.</p>\r\n\r\n<p>– Kem chứa vanilla – để giữ độ ẩm cùng với sữa hạnh nhân – giàu vitamin e và chiết xuất cùng hoa lan bồ câu để xoa dịu làn da.</p>\r\n\r\n<p>– Celestial phù hợp làm kem dưỡng trước khi makeup và làm kem dưỡng đêm cho mọi loại da.</p>', '<p>– Kem chứa vanilla – để giữ độ ẩm cùng với sữa hạnh nhân</p>\r\n\r\n<p>– Giàu vitamin e và chiết xuất cùng hoa lan bồ câu để xoa dịu làn da. Celestial phù hợp làm kem dưỡng trước khi makeup và làm kem dưỡng đêm cho mọi loại da.</p>', '2020-03-27 04:50:51', 80, 1, 1, 103, 'Kem-duong-am-Celestial-Facial-Moisturiser-Lush-1.jpg'),
(19, 'Sữa Rửa Mặt Lush Herbalism 100g', 370000, '<p>Lush – thương hiệu mỹ phẩm UK&nbsp;có nguồn gốc thiên nhiên,&nbsp;100% Handmade, với&nbsp;nguyên liệu tươi&nbsp;và thành phần&nbsp;không chất bảo quản. Bao bì đơn giản, có khả năng tái chế,&nbsp;LUSH&nbsp;là thương hiệu mỹ phẩm thân thiện với môi trường và đề cao sự an toàn cho người tiêu dùng.</p>\r\n\r\n<p>Sữa rửa mặt Lush Herbalism Cleanser&nbsp;một trong những sản phẩm&nbsp;<em>Best-seller</em>&nbsp;của&nbsp;Lush. Với kết cấu sữa rửa mặt dạng bột thích hợp với da mụn và dầu,&nbsp;Herbalism Cleanser làm sạch rất hiệu quả, kiểm soát nhờn nhưng không hề làm khô da. Thành phần của sữa rửa mặt Herbalish được lấy từ thiên nhiên và hoàn toàn là những sản phẩm tươi.</p>\r\n\r\n<p>Thành phần bao gồm:&nbsp;Thảo mộc và cám gạo giúp làm sạch, loại bỏ bụi bẩn và nhẹ nhàng lấy đi tế bào chết trên da, hạnh nhân, đất khoáng cao lanh, dầu hoa hồng, hoa cúc cung cấp độ ẩm, Chlorophyllin giàu vitamin và khoáng chất giúp tái tạo làm da.</p>\r\n\r\n<p><em>Cách sử dụng:</em>&nbsp;Cho 1 lượng Bột Herbalism vào lòng bàn tay, trộn đều với nước rồi từ từ massage nhẹ nhàng theo chiều vòng tròn lên bề mặt da. Làn da bạn sẽ sạch sẽ mà vẫn căng mướt mềm mại</p>\r\n\r\n<p>Nếu bạn yêu thích những sản phẩm đến từ thiên nhiên, thì&nbsp;Herbalism Cleanser là một lựa chọn không tồi dành cho bạn.</p>', '<p>Với kết cấu sữa rửa mặt dạng bột thích hợp với da mụn và dầu,&nbsp;Herbalism Cleanser làm sạch rất hiệu quả, kiểm soát nhờn nhưng không hề làm khô da. Thành phần của sữa rửa mặt Herbalish được lấy từ thiên nhiên và hoàn toàn là những sản phẩm tươi.</p>', '2020-03-27 04:55:14', 76, 1, 1, 101, 'Sua-Rua-Mat-Lush-Herbalism-100g-1.png'),
(20, 'Sữa Rửa Mặt Neutrogena Oil-Free Acne Wash - 269ml', 326000, '<p>Neutrogena là một nhãn hiệu Mỹ về dưỡng da, dưỡng tóc và mỹ phẩm có trụ sở tại Los Angeles, California. Neutrogena được Emanuel Stolaroff sáng lập vào năm 1930 và ban đầu là một công ty mỹ phẩm có tên Natone. Đây là thương hiệu chăm sóc da được khuyên dùng cho bác sĩ da liễu số 1 cung cấp nhiều loại sản phẩm chăm sóc da và tóc. Neutrogena hiện là một thương hiệu của Gia đình Công ty Tiêu dùng Johnson &amp; Johnson Family. Thương hiệu chăm sóc da được khuyên dùng bởi bác sĩ da liễu số 1, cung cấp một số dòng sản phẩm chăm sóc sắc đẹp và chăm sóc da được yêu thích nhất thế giới, đồng thời sản xuất và tiếp thị sản phẩm tại hơn 70 quốc gia.&nbsp;<br />\r\nSữa rửa mặt dành cho da mụn Oil-Free Acne Wash là sản phẩm số 1 về sữa rửa mặt trị mụn trứng cá được các nhà chuyên gia hàng đầu khuyên dùng. Với công thức không chứa dầu (oil-free) giúp làm sạch sâu tận lỗ chân lông để cho bạn một làn da sạch và sáng. Được xây dựng với công thức đặc biệt cho những làn da nhạy cảm nhất, chính vì điều đó sữa rửa mặt cho da dầu Neutrogena Oil-free Acne Wash lại được điểm cộng là lành tính chứ không gây tổn thương da mạnh như các sản phẩm dưỡng da dành cho da dầu và mụn khác.&nbsp;<br />\r\nThành phần có chứa Salicylic Acid giúp ngăn ngừa và tẩy sạch mụn mà không làm cho da bị khô ráp, không gây kích ứng và không xuất hiện dầu. Sữa rửa mặt Neutrogena Oil-Free Acne Wash được sản xuất theo công nghệ MicroClear có tác dụng xâm nhập vào sâu trong lỗ chân lông, loại bỏ bả nhờn, làm sạch thông thoáng lỗ chân lông.</p>', '<p>Sữa rửa mặt dành cho da mụn Oil-Free Acne Wash là sản phẩm số 1 về sữa rửa mặt trị mụn trứng cá được các nhà chuyên gia hàng đầu khuyên dùng. Với công thức không chứa dầu (oil-free) giúp làm sạch sâu tận lỗ chân lông để cho bạn một làn da sạch và sáng.</p>', '2020-03-27 05:04:16', 78, 1, 3, 101, 'Sua-Rua-Mat-Neutrogena-Oil-Free-Acne-Wash-269ml-1.jpg'),
(21, 'Nước Hoa Hồng Không Cồn Neutrogena Alcohol Free Toner', 300000, '<p style=\"text-align:justify\"><strong>Nước Hoa Hồng Neutrogena Alcohol Free Toner</strong><span style=\"color:rgb(51, 51, 51)\"><strong>&nbsp;-&nbsp;</strong></span><span style=\"color:rgb(0, 0, 205)\"><strong>Nước hoa hồng không cồn</strong></span></p>\r\n\r\n<p style=\"text-align:justify\">&nbsp;Nước hoa hồng Neutrogena Alcohol Free Toner&nbsp;là sản phẩm nước hoa hồng thuộc hãng dược mỹ phẩm rất nổi tiếng&nbsp;Neutrogena&nbsp;của Mỹ. Các sản phẩm của Neutrogena với mức giá vừa phải, luôn được đánh giá cao về chất lượng và sản phẩm được các chuyên gia da liễu khuyên dùng nên&nbsp;Neutrogena&nbsp;càng ngày càng nhận được nhiều sự yêu quý của phái đẹp toàn thế giới.</p>\r\n\r\n<p style=\"text-align:justify\">&nbsp;Nước hoa hồng Neutrogena&nbsp;là sản phẩm&nbsp;nước hoa hồng không chứa cồn&nbsp;nên thích hợp với mọi loại da mà không gây kích ứng da, giúp cung cấp độ ẩm và giữ ẩm cho da vào mùa đông se lạnh.</p>\r\n\r\n<p style=\"text-align:justify\"><strong>&nbsp;Một số công dụng đặc biệt của nước hoa hồng&nbsp;Neutrogena Alcohol Free Toner:</strong></p>\r\n\r\n<p style=\"text-align:justify\">-&nbsp;<span style=\"color:rgb(0, 128, 0)\">Nước hoa hồng Neutrogena</span>&nbsp;với công thức thông minh dịu nhẹ sẽ chăm sóc, dưỡng ẩm và làm da bạn mịn màng tươi sáng. Với hệ thống lọc cực kì nhẹ nhàng,&nbsp;Neutrogena Alcohol Free Toner&nbsp;sẽ loại bỏ bụi bẩn và tái tạo làn da bạn, cải thiện các vùng da tối màu, kiểm soát dầu, ngăn ngừa nếp nhăn.</p>\r\n\r\n<p style=\"text-align:justify\">- Đặc biệt,&nbsp;nước hoa hồng Neutrogena Alcohol-Free không chứa cồn, do đó làn da của bạn sẽ không mất đi độ ẩm tự nhiên. Chỉ cần vỗ nhẹ&nbsp;nước hoa hồng&nbsp;lên mặt bạn có thể lập tức giải khát cho làn da, xua tan mệt mỏi, làm ẩm và chăm sóc vùng da mắt, môi. Bên trong nước hoa hồng còn chứa vitamin C giúp hỗ trợ làm da trắng sáng da cực kì hiệu quả.</p>\r\n\r\n<p style=\"text-align:justify\">- Ngoài ra,&nbsp;nước hoa hồng Neutrogena&nbsp;có giúp dưỡng trắng, cải thiện màu sắc da ko đều, cải thiện vùng da tối màu, se khít, thu nhỏ lỗ chân lông, kiểm soát dầu tối đa, giữ ẩm cho da mặt - mắt - môi, ngăn ngừa nếp nhăn ở cổ, đồng thời&nbsp;Neutrogena Alcohol Free Toner&nbsp;còn giúp hỗ trợ tẩy tế bào chết làm thông thoáng lỗ chân lông và ngăn ngừa mụn hiệu quả.</p>\r\n\r\n<p style=\"text-align:justify\">-&nbsp;Nước hoa hồng Neutrogena&nbsp;mang lại vẻ tươi trẻ, trắng sáng cho làn da và không gây khô rát, không gây ngứa khi sử dụng.</p>\r\n\r\n<p style=\"text-align:justify\">-&nbsp;Nước hoa hồng Neutrogena Alcohol-Free Toner&nbsp;thích hợp cho mọi loại da.</p>', '<p>Nước hoa hồng Neutrogena với công thức thông minh dịu nhẹ sẽ chăm sóc, dưỡng ẩm và làm da bạn mịn màng tươi sáng. Neutrogena Alcohol Free Toner sẽ loại bỏ bụi bẩn và tái tạo làn da bạn, cải thiện các vùng da tối màu, kiểm soát dầu, ngăn ngừa nếp nhăn. Nước hoa hồng Neutrogena Alcohol-Free Toner thích hợp cho mọi loại da.</p>', '2020-03-27 05:11:26', 80, 1, 3, 105, 'Nuoc-Hoa-Hong-Khong-Con-Neutrogena-Alcohol-Free-Toner-1.jpg'),
(22, 'Kem Lót Dưỡng Da NYX Tinh Chất Vàng 22ml', 430000, '<p>Sử dụng kem lót cũng là một trong những bước có&nbsp;ý nghĩa quyết&nbsp;định trong trang&nbsp;điểm nền. Kem lót là loại kem dưỡng da mặt giúp da trở nên tươi sáng,&nbsp;đều màu, dưỡng&nbsp;ẩm và mịn màng hơn.&nbsp;Đây sẽ bước quyết&nbsp;định việc bạn có một lớp nền trang&nbsp;điểm&nbsp;đẹp hay không. Tại&nbsp;Hasaki, ngoài công dụng mang đến cho bạn một lớp nền bóng khỏe, trong vắt,&nbsp;NYX&nbsp;Honey&nbsp;Dew&nbsp;Me Up Primer&nbsp;với thành phần chứa vàng, mật ong cùng collagen còn giúp nuôi dưỡng và bảo vệ da hiệu quả. Làn da bạn sẽ được hỗ trợ giúp làm sáng, mềm, se khít lỗ chân lông và hạn chế tình trạng da tiết dầu khó chịu khi trang điểm.</p>\r\n\r\n<p>NYX&nbsp;là thương hiệu mỹ phẩm của Mỹ được thành lập vào năm 1999 bởi Toni Ko với mong muốn tạo nên dòng sản phẩm chất lượng có mức giá thành hợp lý nên họ tập trung sản xuất mỹ phẩm màu từ những nguyên liệu hàng đầu và những công thức mang lại vẻ đẹp rạng rỡ cho người sử dụng.&nbsp;NYX&nbsp;được đặt theo tên của nữ thần bóng đêm trong thần thoại Hy Lạp, một nhân vật dù xuất hiện không nhiều nhưng để lại những ấn tượng đặc biệt nhờ sắc đẹp và quyền năng siêu hạng. Đúng như tên gọi của mình, mỹ phẩm&nbsp;NYX&nbsp;đã giúp cho phụ nữ khắp nơi trên thế giới trở nên rạng rỡ và quyến rũ.</p>\r\n\r\n<p>Đặc&nbsp;điểm nổi bật:</p>\r\n\r\n<p>-&nbsp;NYX&nbsp;<strong>Honey Dew Me Up Primer</strong>&nbsp;là kem lót dưỡng da dạng gel trong suốt, thẩm thấu nhanh vào da, không gây nhìn rít.</p>\r\n\r\n<p>- Giúp tạo lớp nền bóng khỏe và bắt sáng mang&nbsp;đến hiệu&nbsp;ứng da trong căng bóng và trong vắt.</p>', '<p>-&nbsp;NYX&nbsp;<strong>Honey Dew Me Up Primer</strong>&nbsp;là kem lót dưỡng da dạng gel trong suốt, thẩm thấu nhanh vào da, không gây nhìn rít.</p>\r\n\r\n<p>- Giúp tạo lớp nền bóng khỏe và bắt sáng mang&nbsp;đến hiệu&nbsp;ứng da trong căng bóng và trong vắt.</p>', '2020-03-27 05:16:32', 80, 1, 6, 103, 'Kem-Lot-Duong-Da-NYX-Tinh-Chat-Vang-22ml-1.jpg'),
(23, 'Kem Nền Colourpop No Filter Natural Matte Foundation (25ml)', 380000, '<p><span style=\"font-size:14px\">Colourpop nổi tiếng với những BST son với những bảng màu đồ sộ, đa dạng màu sắc. Chưa dừng lại ở đó,&nbsp;Kem Nền Colourpop No Filter Natural Matte Foundation còn khiến nhiều nàng choáng ngợp hơn với 42 tone màu khác nhau. Chính vì thế, ngoài công dụng chính là kem nền. Thì em ấy có thể được sử dụng như kem che khuyết điểm và highlight nữa đó. </span></p>\r\n\r\n<p><span style=\"font-size:14px\">Sản phẩm có dạng vòi bơm tiện lợi. Hỗ trợ cho bạn dễ dàng lấy sản phẩm cần thiết mà không sợ “quá tay”. Và cũng để bảo quản chất lượng sản phẩm tốt hơn nữa đó. Các nàng đừng lo lắng vòi bơm sẽ gây khó khăn khi vận chuyển nha. Em ấy có khớp vặn giúp khóa không để nhấn vòi bơm đó. Thoải mái mang theo bên mình mọi lúc mà không cần lo lắng khi làm mất nắp, hay kem nền đổ ra ngoài đâu nha. Kem Nền Colourpop No Filter Natural Matte Foundation sở hữu chất kem mòng mịn, dễ tán. Nhẹ mặt và không hề gây bí bách cho làn da. Sản phẩm mang đến cho bạn một hiệu ứng lì mịn tự nhiên và không hề bị cakey. Ngoài ra, sản phẩm còn có độ cám và che phủ cao. Giúp bạn có làn da trắng mịn, hoàn hảo mà không cần đến&nbsp;Filter của máy ảnh chuyên nghiệp.</span></p>\r\n\r\n<h4><span style=\"font-size:14px\"><span style=\"font-family:inherit\"><strong><em>Thiết kế</em></strong></span></span></h4>\r\n\r\n<p><span style=\"font-size:14px\"><span style=\"font-family:inherit\">Kem Nền Colourpop No Filter Natural Matte Foundation mang một ngoại hình vượt xa mong đợi của một sản phẩm drugstore. Chất liệu của kem nền là thủy tinh dày, trong suốt cho bạn dễ dàng thấy được tone màu bên trong. Những ngôi sao được in xung quanh thân chai càng làm cho em ấy nổi bật hơn nữa đó.</span></span></p>\r\n\r\n<p><span style=\"font-size:14px\"><span style=\"font-family:inherit\">Sản phẩm có dạng vòi bơm tiện lợi. Hỗ trợ cho bạn dễ dàng lấy sản phẩm cần thiết mà không sợ “quá tay”. Và cũng để bảo quản chất lượng sản phẩm tốt hơn nữa đó. Các nàng đừng lo lắng vòi bơm sẽ gây khó khăn khi vận chuyển nha. Em ấy có khớp vặn giúp khóa không để nhấn vòi bơm đó. Thoải mái mang theo bên mình mọi lúc mà không cần lo lắng khi làm mất nắp, hay kem nền đổ ra ngoài đâu nha.</span></span></p>\r\n\r\n<h4><span style=\"font-size:14px\"><strong><em>Chất kem</em></strong></span></h4>\r\n\r\n<p><span style=\"font-size:14px\"><span style=\"font-family:inherit\">Kem Nền Colourpop No Filter Natural Matte Foundation sở hữu chất kem mòng mịn, dễ tán. Nhẹ mặt và không hề gây bí bách cho làn da. Sản phẩm mang đến cho bạn một hiệu ứng lì mịn tự nhiên và không hề bị cakey. Ngoài ra, sản phẩm còn có độ cám và che phủ cao. Giúp bạn có làn da trắng mịn, hoàn hảo mà không cần đến&nbsp;Filter của máy ảnh chuyên nghiệp.</span></span></p>\r\n\r\n<h4><span style=\"font-size:14px\"><strong><em>Ưu điểm</em></strong></span></h4>\r\n\r\n<p><span style=\"font-size:14px\"><span style=\"font-family:inherit\">Lớp finish không thiên về matte hẳn. Mà vẫn có độ ẩm mang đến hiệu ứng Satin giúp da căng bóng, khỏe mạnh.&nbsp;&nbsp;</span></span></p>\r\n\r\n<p><span style=\"font-size:14px\"><span style=\"font-family:inherit\">Với một mức giá quá hời, Colourpop No Filter Natural Matte Foundation là một sản phẩm kem nền Drugstore mà bạn không nên bỏ lỡ.</span></span></p>', '<p><span style=\"font-size:14px\"><span style=\"font-family:inherit\">Lớp finish không thiên về matte hẳn. Mà vẫn có độ ẩm mang đến hiệu ứng Satin giúp da căng bóng, khỏe mạnh.&nbsp;&nbsp;</span></span></p>\r\n\r\n<p><span style=\"font-size:14px\"><span style=\"font-family:inherit\">Với một mức giá quá hời, Colourpop No Filter Natural Matte Foundation là một sản phẩm kem nền Drugstore mà bạn không nên bỏ lỡ.</span></span></p>', '2020-03-27 05:28:36', 80, 1, 4, 301, 'Kem-Nen-Colourpop-No-Filter-Natural-Matte-Foundation-1.jpg');
INSERT INTO `product` (`product_id`, `product_title`, `product_price`, `product_description`, `product_highlight`, `product_date`, `product_quantity`, `product_status`, `brand_id`, `productType_id`, `product_image`) VALUES
(24, 'Kem Nền Mịn Lì Maybelline 30ml', 218000, '<h2><span style=\"font-size:18px\"><strong>Miêu tả sản phẩm</strong></span></h2>\r\n\r\n<p><span style=\"font-size:18px\"><span style=\"background-color:rgb(250, 250, 250); color:rgb(102, 102, 102); font-family:robotocondensed\">Kem nền với công nghệ \"Micro Powders hạt phấn siêu nhỏ\" không dầu, không hương liệu độc quyền cho hiệu ứng mịn lì tự nhiên, tiệp màu da. Độ che phủ trung bình - cao giúp kiềm dầu và thu nhỏ. Có đến 12 màu phù hợp mọi tông da của phụ nữ Việt Nam. Lựa chọn lý tưởng cho làn da dầu và có mụn .</span></span></p>\r\n\r\n<h2><span style=\"font-size:18px\"><strong>Công dụng</strong></span></h2>\r\n\r\n<p><span style=\"font-size:18px\"><span style=\"background-color:rgb(250, 250, 250); color:rgb(102, 102, 102); font-family:robotocondensed\">Kem nền cho hiệu ứng mịn lì tự nhiên, giúp kiềm dầu, phù hợp cho da thường, da hỗn hợp và da dầu. Có nhiều màu phù hợp mọi tông da của người Việt Nam.</span></span></p>\r\n\r\n<h2><span style=\"font-size:18px\"><strong>Cách sử dụng</strong></span></h2>\r\n\r\n<p><span style=\"font-size:18px\"><span style=\"background-color:rgb(250, 250, 250); color:rgb(102, 102, 102); font-family:robotocondensed\">Chấm đều 5 điểm trên mặt (vùng trán, mũi, cằm và 2 má). Tán đều lượng kem theo hướng từ trong ra ngoài. Sử dụng kết hợp cùng kem che khuyết điểm và phấn phủ FIT ME để có hiệu ứng tốt nhất.</span></span></p>', '<p><span style=\"font-size:16px\">Kem nền với công nghệ \"Micro Powders hạt phấn siêu nhỏ\" không dầu, không hương liệu độc quyền cho hiệu ứng mịn lì tự nhiên, tiệp màu da. Độ che phủ trung bình - cao giúp kiềm dầu và thu nhỏ. Có đến 12 màu phù hợp mọi tông da của phụ nữ Việt Nam.</span></p>', '2020-03-27 05:35:59', 78, 1, 4, 301, 'Kem-Nen-Min-Li-Maybelline-30ml-1.jpg'),
(25, 'Phấn Nền Siêu Mịn Maybelline Fit Me Skin-Fit Powder Foundation 9Gr', 210000, '<p style=\"text-align:justify\">Da dầu có lẽ là làn da gặp nhiều vấn đề và khó chiều đối với chị em phụ nữ chúng ta. Da dầu tuy làm chậm quá trình lão hóa của da, khiến da bạn trẻ trung và đàn hồi hơn, tuy nhiên khuyết điểm lớn nhất chính là phần dầu thừa không cần thiết khiến da bạn bóng dầu, dễ bắt bụi bẩn, và cũng là nguyên nhân chính gây ra mụn.&nbsp;</p>\r\n\r\n<p style=\"text-align:justify\">Phấn Phủ Mịn Lì&nbsp;<strong>MAYBELLINE Fit Me Powder Foundation SPF32/PA+++</strong>&nbsp;là giải pháp tuyệt vời giúp giảm thiểu tối ưu khuyết điểm trên da nhưng không gây tình trạng bít tắc lỗ chân lông. Đặc biệt, các hạt phấn sẽ len lỏi trong các lỗ chân lông nhằm che phủ và đặc biệt hạn chế tuyến bã nhờn hiệu quả. Chính vì vậy, sản phẩm vô cùng thít hợp với những cô nàng da thường hoặc da dầu, nhờn đấy nhé!</p>\r\n\r\n<p style=\"text-align:justify\">Xuất xứ: Mỹ</p>\r\n\r\n<p style=\"text-align:justify\">Trọng lượng: 9gr</p>\r\n\r\n<p style=\"text-align:justify\">- Phấn Phủ&nbsp;Maybelline Fit Me Matte+Poreless Powder&nbsp;thuộc dòng sản phẩm FIT ME của&nbsp;Maybelline, sản phẩm sử dụng cộng nghệ Perlite Mineral giúp hấp thụ dầu để giữ da mịn màng đồng thời che phủ đi lỗ chân lông mang đến hiệu ứng lì giảm tối ưu khuyết điểm trên da nhưng không gây bít tắc lỗ chân lông bởi mà sẽ giúp thu nhỏ lỗ chân lông, kiềm dầu tốt cho một làn da đẹp hoàn hảo, mỏng nhẹ, tự nhiên nhất.</p>\r\n\r\n<p style=\"text-align:justify\">- Phấn Phủ Maybelline Fit Me Matte+Poreless Powder là giải pháp tuyệt vời giúp bảo vệ da và đem lại làn da rạng ngời, đầy sức sống. Đặc biệt, nếu sử dụng chung với kem nền và kem che khuyết điểm cùng dòng Fit Me của Maybelline sẽ cho tác dụng vượt trội hơn.</p>\r\n\r\n<p style=\"text-align:justify\">- Điểm cộng đầu tiên của sản phẩm là ở thiết kế xinh xắn. Thiết kế hình hộp vuông vức đem lại cảm giác chắc và vừa tay. Màu đen tuyền của vỏ hộp làm nổi bật màu của chất phấn bên trong. Đặc biệt, bên dưới ô phấn là ngăn đựng mút tán phấn. Thiết kế này khá độc đáo cũng như tiện lợi cho bạn khi sử dụng.<br />\r\n- Phấn Phủ Maybelline Fit Me Matte+Poreless Powder cho tác dụng lên đến 12 giờ. Cho dù hoạt động ngoài trời cả ngày dài thì lớp nền của bạn trông vẫn hoàn toàn tự nhiên và không bị chảy nền.</p>\r\n\r\n<p style=\"text-align:justify\"><strong>Hướng dẫn sử dụng:</strong></p>\r\n\r\n<p style=\"text-align:justify\"><span style=\"color:rgb(102, 102, 102); font-family:helvetica neue,helvetica,arial,sans-serif; font-size:14px\">- Xác định 5 điểm chính trên khuôn mặt (Trán, mũi, cằm, 2 má)</span><br />\r\n<span style=\"color:rgb(102, 102, 102); font-family:helvetica neue,helvetica,arial,sans-serif; font-size:14px\">- Sử dụng bông phấn tán nhẹ chiều hướng xuống.</span><br />\r\n<span style=\"color:rgb(102, 102, 102); font-family:helvetica neue,helvetica,arial,sans-serif; font-size:14px\">- Có thể sử dụng riêng lẻ hoặc phủ phấn sau lớp kem nền để độ che phủ tốt hơn.</span></p>', '<p>- Che phủ các vấn đề, khuyết điểm trên da</p>\r\n\r\n<p>- Mang đến lớp nền khô thoáng, mềm mịn suốt cả ngày dài.</p>\r\n\r\n<p>- Bảo vệ da bạn khỏi bụi bẩn và các tác nhân từ môi trường.</p>\r\n\r\n<p>- Không làm bít tắc lỗ chân lông, không gây phát sinh mụn.</p>', '2020-03-27 05:41:43', 80, 1, 5, 301, 'Phan-Nen-Sieu-Min-Maybelline-Fit-Me-Skin-Fit-Powder-Foundation-9Gr-1.jpg'),
(26, 'Xịt Khóa Lớp Trang Điểm Nyx Long Lasting Setting Spray', 180000, '<p style=\"text-align:justify\">Xịt Khóa Lớp Trang Điểm NYX Long Lasting Setting Spray dung tích 60ml, xuất xứ Mỹ, hiện đã có mặt tại hệ thống&nbsp;<a href=\"https://beautygarden.vn/\" style=\"box-sizing: border-box; background-color: transparent; color: rgb(51, 122, 183); text-decoration-line: none;\">mỹ phẩm chính hãng</a>&nbsp;Beauty Garden với những đặc điểm nổi bật:</p>\r\n\r\n<p style=\"text-align:justify\">-&nbsp;<em>Xịt khóa lớp trang điểm chất lượng của Mỹ</em>&nbsp;NYX là bước cuối cùng trong quy trình trang điểm, giúp cho lớp trang điểm không bị trôi hoặc mất màu sau một ngày dài làm việc đồng thời giúp làn da trông sáng bóng, rạng ngời hơn.</p>\r\n\r\n<p style=\"text-align:justify\">- Sản phẩm NYX Long Lasting Setting Spray có thiết kế dạng chai xịt nhỏ gọn. Giúp bạn gái giữ lớp trang điểm tươi màu, bền lâu.</p>\r\n\r\n<p style=\"text-align:justify\">- Duy trì độ ẩm làm làn da luôn căng bóng tự nhiên suốt nhiều giờ đồng hồ.</p>\r\n\r\n<p style=\"text-align:justify\">Sản phẩm có 2 dòng chính là dewy ( xịt có bóng nhẹ ) và matte ( xịt lên tạo độ lì ).</p>\r\n\r\n<p>Hiểu được đặc điểm của từng loại da, hãng mỹ phẩm NYX đã cho ra đến 2 loại NYX Long Lasting Setting Spray đó là Dewy dành cho da dầu và hỗn hợp thiên dầu và Matte dùng cho da khô, hỗn hợp thiên khô và da thường. Dù bạn yêu thích phong cách trang điểm căng bóng Hàn Quốc hay mịn lì như phương tây thì đều có thể tìm thấy Setting Spray phù hợp.</p>\r\n\r\n<p style=\"text-align:justify\">Cách dùng Xịt Khóa Lớp Trang Điểm NYX Long Lasting Setting Spray đúng như sau:</p>\r\n\r\n<p style=\"text-align:justify\">- Lắc nhẹ chai xịt&nbsp; trước khi dùng.</p>\r\n\r\n<p style=\"text-align:justify\">- Giữ thẳng chai, xịt nhẹ để dung dịch ngấm đều khắp mặt.</p>\r\n\r\n<p style=\"text-align:justify\">- Dùng&nbsp;&nbsp;<u>Xịt giữ lớp trang điểm NYX Long</u>&nbsp;Lasting Setting Spray1 – 2 lần/ngày.</p>\r\n\r\n<p style=\"text-align:justify\">- Bảo quản sản phẩm nơi thoáng mát, sạch sẽ, tránh ánh nắng trực tiếp.</p>', '<p>- Là bước cuối cùng trong quy trình trang điểm, giúp cho lớp trang điểm không bị trôi hoặc mất màu.</p>\r\n\r\n<p>- Giúp giữ lớp trang điểm tươi màu, bền lâu</p>\r\n\r\n<p>- Duy trì độ ẩm làm làn da luôn căng bóng tự nhiên suốt nhiều giờ đồng hồ.</p>', '2020-03-27 05:49:16', 80, 1, 6, 301, 'Xit-Khoa-Lop-Trang-Diem-Nyx-Long-Lasting-Setting-Spray-1.jpg'),
(27, 'Bảng Màu Mắt Colourpop Strawberry Shake Pressed Powder Palette (9 X1Gr)', 390000, '<p><strong>ColourPop Strawberry Shake Pressed Powder Palette&nbsp;</strong><span style=\"color:rgb(102, 102, 102); font-family:helvetica neue,helvetica,arial,sans-serif; font-size:14px\">phiên bảng nhỏ gọn xinh xắn, cực kỳ bắt mắt dành cho những cô nàng ngọt ngào và yêu phong cách dâu tây.&nbsp;</span></p>\r\n\r\n<p>Xuất xứ: Mỹ</p>\r\n\r\n<p>Trọng lượng:&nbsp;9 x1gr</p>\r\n\r\n<p>9 ô màu theo tông hồng đỏ bắt mắt, ngọt ngào. Bao gồm cả màu nhũ và lì tha hồ cho nàng biến tấu.</p>\r\n\r\n<p>Tuy nho nhỏ và giá hạt dẻ nhưng chất lượng các bảng màu Colourpop vẫn giữ nguyên phong độ. Chất phấn bám tốt, lên màu rõ chỉ trong 1 lần apply, không bị rơi rớt ra vùng dưới mắt.</p>\r\n\r\n<p>Hãy cùng Beauty Garden xem qua bảng màu swatch em này nhé!</p>', '<p>ColourPop Strawberry Shake Pressed Powder Palette&nbsp;phiên bảng nhỏ gọn xinh xắn, cực kỳ bắt mắt dành cho những cô nàng ngọt ngào và yêu phong cách dâu tây</p>', '2020-03-27 08:59:32', 80, 1, 4, 302, 'Bang-Mau-Mat-Colourpop-Strawberry-Shake-Pressed-Powder-Palette-1.jpg'),
(28, 'Bút Kẻ Mắt Nước Maybelline Hyper Sharp Laser Eyeliner', 180000, '<p style=\"text-align:justify\"><strong>Bút kẻ mắt Maybelline Hyper Sharp Laser Eyeliner</strong>&nbsp;là sản phẩm trang điểm chất lượng của Maybelline - thương hiệu mỹ phẩm nổi tiếng Hàn Quốc. Với thiết kế đầu bút siêu mảnh nhỏ chỉ 0,01mm, cấu trúc ống mực cải tiến kiểm soát lượng mực chảy ra vừa đủ, bút kẻ mắt nước&nbsp;Maybelline Hyper Sharp Laser giúp bạn dễ dàng tạo đường kẻ mắt mảnh mai hay dày dặn hoàn hảo theo ý thích.</p>\r\n\r\n<p style=\"text-align:justify\">Bút kẻ mắt được áp dụng công nghệ màng phim độc đáo giúp bạn dễ dàng tạo đường kẻ mắt đúng ý ngay lần đầu tiên mà không bị lem, nhòe. Chất mực bền màu, đảm bảo không lem, không trôi suốt 17 giờ đồng hồ, cho bạn thoải mái hoạt động làm việc suốt cả ngày dài mà không cần kẻ mắt lại. Kẻ mắt nước&nbsp;Maybelline Hyper Sharp là giải pháp tuyệt vời giúp bạn có đôi mắt to tròn đầy cuốn hút.&nbsp;</p>\r\n\r\n<p style=\"text-align:justify\"><em>Bút kẻ mắt nước&nbsp;Maybelline Hyper Sharp</em>&nbsp;Laser Eyeliner hiện đã có mặt tại hệ thống mỹ phẩm chính hãng&nbsp;<a href=\"https://beautygarden.vn/\" style=\"box-sizing: border-box; background-color: transparent; color: rgb(51, 122, 183); text-decoration-line: none;\">Beauty Garden</a>&nbsp;với những ưu điểm nổi trội như:</p>\r\n\r\n<p style=\"text-align:justify\">- Thiết kế dạng bút cầm tay, gọn nhẹ, tiện lợi. Thân bút màu đen, nắp và chữ trên thân ánh nhũ vàng sang trọng bắt mắt. Nắp bút chặt và chắc. Đảm bảo không bị móp méo khi đóng mở nhiều lần. Độ khít của nắp cũng đảm bảo giúp bạn bảo quản chất mực bên trong được bền, lâu khô.&nbsp;</p>\r\n\r\n<p style=\"text-align:justify\">- Đầu cọ của bút&nbsp;<a href=\"https://beautygarden.vn/danh-muc/ke-mat.html\" style=\"box-sizing: border-box; background-color: transparent; color: rgb(51, 122, 183); text-decoration-line: none;\">kẻ mắt</a>&nbsp;Maybelline Hyper Sharp Laser Eyeliner được thiết kế cải tiến, siêu mảnh và sắc nét: chỉ 0.01mm. Đầu bút lông mềm mại linh hoạt. Kích cỡ siêu mảnh nhỏ này giúp bạn dễ dàng tạo đường kẻ mắt dày mỏng theo ý thích.</p>\r\n\r\n<p style=\"text-align:justify\">- Sản phẩm bút kẻ mắt nước Maybelline Hyper Sharp áp dụng công nghệ màng phim hiện đại, đảm bảo giữ cho đường kẻ được bền màu, không lem, không trôi suốt 17 giờ.</p>\r\n\r\n<p style=\"text-align:justify\">- Dù bền màu và không dễ bị lem nhòe, bay màu nhưng Maybelline Hyper Sharp Laser Eyeliner hoàn toàn dễ tẩy trang.</p>\r\n\r\n<p style=\"text-align:justify\">- Thiết kế cấu trúc bên trong của ống mực cải tiến hơn khá nhiều so với các phiên bản cũ của Maybelline, có khả năng kiểm soát lượng mực trong bút cực tốt, giúp dòng mực chảy từ ống xuống ngòi đủ vừa phải, đều hơn và đậm hơn. Bút kẻ mắt Maybelline Hyper Sharp Laser&nbsp;có thời gian sử dụng lâu hơn so với phiên bản cũ.</p>\r\n\r\n<p style=\"text-align:justify\">- Chất mực của kẻ mắt nước Maybelline Hyper Sharp Laser Eyeliner khá đậm, mịn và mỏng. Khi kẻ thì mực ra đều, bạn có thể yên tâm không bị đậm nhạt thất thường. Khả năng thâm và khô của chất mực cực ổn, chỉ khoảng 10-15 giây, không mất quá nhiều thời gian chờ khô đường kẻ mắt.</p>\r\n\r\n<p>Cách sử dụng bút kẻ mắt nước&nbsp;Maybelline Hyper Sharp Laser Eyeliner như sau:</p>\r\n\r\n<p>- Bước 1: Mở nắp bút, bắt đầu kẻ những đường ngắn sát mi mắt.&nbsp;</p>\r\n\r\n<p>- Bước 2: Nối những đường kẻ ngắn vừa kẻ lại với nhau cho liền mạch. Tạo hiệu ứng dày mỏng theo ý thích.&nbsp;</p>\r\n\r\n<p>- Bước 3: Bạn có thể sáng tạo thêm những họa tiết khác để mắt trông thật nổi bật và cuốn hút hơn.&nbsp;</p>\r\n\r\n<p>- Bước 4: Bút&nbsp;<u>kẻ mắt nước&nbsp;</u><u>Maybelline</u>&nbsp;Hyper Sharp Laser Eyeliner khá dễ tẩy trang. Tuy nhiên, bạn nên dùng sản phẩm&nbsp;tẩy trang chuyên dụng dành cho mắt &amp; môi để quá trình tẩy trang được dễ dàng và hiệu quả hơn.&nbsp;</p>', '<p>- Thiết kế đầu bút thanh mảnh chỉ 0,01mm giúp bạn dễ dàng tạo đường kẻ mắt thanh mảnh hay dày dặn hoàn hảo theo ý thích.</p>\r\n\r\n<p>- Công nghệ màng phim độc đáo giúp giữ đường kẻ mắt bền màu suốt cả ngày đảm bảo không lem, nhòe hay trôi dù hoạt động ngoài trời.&nbsp;</p>\r\n\r\n<p>- Cấu trúc ống mực được cải tiến, mực chảy ra đều, đủ, cho nét vẽ hoàn hảo nhanh chóng.&nbsp;</p>\r\n\r\n<p>- Sản phẩm rất dễ tẩy trang.&nbsp;</p>', '2020-03-27 09:12:20', 78, 1, 5, 302, 'but-ke-mat-nuoc-maybelline-hyper-sharp-laser-eyeliner-1.jpg'),
(29, 'Chì Kẻ Mày Maybelline Define-Blend Brow Pencil', 130000, '<p><span style=\"font-size:16px\"><span style=\"color:rgb(102, 102, 102); font-family:helvetica neue,helvetica,arial,sans-serif\">Dù tình trạng dáng mày hiện tại đang nhạt phai, lệch dáng hay “quá đà”, đừng lo lắng vì với&nbsp;</span><strong>Chì kẻ mày Brow Define &amp; Blend</strong><span style=\"color:rgb(102, 102, 102); font-family:helvetica neue,helvetica,arial,sans-serif\">&nbsp;dễ dàng định hình, tạo nét tự nhiên, sở hữu dáng mày cân đối, hoàn hảo chỉ là chuyện nhỏ!&nbsp;</span></span></p>\r\n\r\n<p style=\"text-align:justify\">Em chì kẻ mày&nbsp;Maybelline Define &amp; Blend&nbsp;này cũng vậy, tuy không nổi rầm rộ theo trend nhưng chất lượng không chê tí nào được luôn.</p>\r\n\r\n<p style=\"text-align:justify\">Thiết kế tích hợp 2 đầu vô cùng tiện lợi:&nbsp;<br />\r\n- Một đầu chì kẻ dạng vặn được vát hình oval giúp cho việc sử dụng cực kì dễ dàng và nhanh chóng, dù các cậu mới tập tành kẻ lông mày thì yên tâm vẫn cứ nuột nhé</p>\r\n\r\n<p style=\"text-align:justify\">- Đầu chổi còn lại để tạo dáng cho chân mày và tán đều chì giúp lông mày trông mềm mại, tự nhiên hơn</p>\r\n\r\n<p style=\"text-align:justify\">- Packaging chắc chắn, chất chì mềm nhưng không hề dễ gãy, lên màu rõ và đẹp nhưng giá thì lại siêu học sinh ý.</p>\r\n\r\n<p style=\"text-align:justify\">Hãy tìm đến sự trợ giúp của các loại khuôn tạo lông mày nếu bạn không tự tin với khả năng kẻ lông mày của mình. Đây là giải pháp hoàn hảo cho các bạn gái không muốn lông mày bị tô quá đậm hoặc lệch ra ngoài.</p>\r\n\r\n<p style=\"text-align:justify\">- B1: Dùng cọ chải lông mày hướng lên trên hoặc chải từ điểm đầu tới đỉnh cong, sau đó chải từ đỉnh cong tới chân mày để giúp các sợi lông mày trở nên gọn gàng hơn.</p>\r\n\r\n<p style=\"text-align:justify\">- B2: Đặt khuôn lên lông mày và dùng bút chì kẻ mày&nbsp;<em>Maybelline Define-Blend Brow Pencil</em>&nbsp;kẻ theo khuôn.</p>\r\n\r\n<p style=\"text-align:justify\">- B3: Dùng dao cạo, nhẹ nhàng cạo hết phần lông mày không nằm trong khuôn.</p>', '<p><span style=\"color:rgb(29, 33, 41); font-family:helvetica,arial,sans-serif; font-size:14px\">- Định hình chân mày nhanh chóng, tạo sợi dễ dàng</span><br />\r\n<span style=\"color:rgb(29, 33, 41); font-family:helvetica,arial,sans-serif; font-size:14px\">- Luôn mềm mượt, luôn đều màu</span><br />\r\n<span style=\"color:rgb(29, 33, 41); font-family:helvetica,arial,sans-serif; font-size:14px\">- Đơn giản và tiện lợi, giúp tiết kiệm thời gian vẽ chân mày</span></p>', '2020-03-27 09:29:40', 78, 1, 5, 302, 'Chi-Ke-May-Maybelline-Define-Blend-Brow-Pencil-1.jpg'),
(30, 'Phấn Mắt Nhũ Cao Cấp Nyx Cosmetics Prismatic Eyeshadow', 150000, '<h3 style=\"text-align:justify\"><span style=\"font-size:14px\"><strong>Phấn Mắt Nhũ NYX Cosmetics Prismatic Eyeshadow - Thương hiệu uy tín hàng đầu thị trường Mỹ:</strong></span></h3>\r\n\r\n<p style=\"text-align:justify\">-&nbsp; NYX thương hiệu&nbsp;<a href=\"https://beautygarden.vn/\" style=\"box-sizing: border-box; background-color: transparent; color: rgb(51, 122, 183); text-decoration-line: none;\" target=\"_blank\" title=\"mỹ phẩm\">mỹ phẩm</a>&nbsp;bình dân. NYX lấy tên của nữ thần bóng đêm trong Thần thoại Hy Lạp. Với mong muốn giúp phụ nữ luôn xinh đẹp và quyến rũ ngay cả trong bóng tối.</p>\r\n\r\n<p style=\"text-align:justify\">-&nbsp; Phương châm hoạt động của NYX chính là: “Mang lại cơ hội trải nghiệm trang điểm chuyên nghiệp với một mức giá hợp lý”. Vì vậy, các sản phẩm của NYX không chỉ chú trọng đến giá cả mà còn chú trọng đến chất lượng.</p>\r\n\r\n<p style=\"text-align:justify\">-&nbsp; Ngoài ra, NYX còn có những sản phẩm khác như: phấn mắt, kem che khuyết điểm, chì kẻ mắt… phù hợp với nhiều lứa tuổi và màu da. Chính vì vậy, rất nhiều siêu sao tin dùng các sản phẩm của NYX.</p>\r\n\r\n<p style=\"text-align:justify\">- Một trong những sản phẩm trang điểm mắt bán chạy nhất của NYX trong năm 2017 chính là dòng&nbsp;<strong>Phấn Mắt Nhũ Cao Cấp NYX Cosmetics Prismatic Eyeshadow</strong></p>\r\n\r\n<p style=\"text-align:justify\">- Sản phẩm với chất phấn siêu mịn mướt, cực kỳ dễ tán và lên màu chuẩn. Sử dụng Phấn Mắt Nhũ Cao Cấp NYX Cosmetics Prismatic Eyeshadow, bạn ngay lập tức sẽ có một đôi mắt long lanh và quyến rũ.</p>\r\n\r\n<p>Eyeshadow. Sản phẩm với chất phấn siêu mịn mướt, cực kỳ dễ tán và lên màu chuẩn. Sử dụng Phấn Mắt Nhũ Cao Cấp NYX Cosmetics Prismatic Eyeshadow, bạn ngay lập tức sẽ có một đôi mắt long lanh và quyến rũ.</p>\r\n\r\n<h3 style=\"text-align:justify\"><span style=\"font-size:14px\"><strong>Phấn Mắt Nhũ NYX Cosmetics Prismatic Eyeshadow sẽ giúp bạn có một đôi mắt cực kì long lanh và bắt mắt:</strong></span></h3>\r\n\r\n<p style=\"text-align:justify\">-&nbsp; Chất phấn cực kỳ mịn, với những hạt nhũ ánh kim lấp lánh.</p>\r\n\r\n<p style=\"text-align:justify\">-&nbsp; Phấn lên màu siêu chuẩn. Có thể sử dụng bằng cọ hoặc bằng tay, vẫn có thể tán đều sản phẩm.</p>\r\n\r\n<p style=\"text-align:justify\">-&nbsp; Sản phẩm có độ bám cao, nếu không sử dụng kem lót mắt,<em>&nbsp;Phấn Mắt Nhũ NYX Cosmetics Prismatic Eyeshadow</em>&nbsp;vẫn có thể giữ màu suốt 8 tiếng mà không bị phai màu.</p>\r\n\r\n<p style=\"text-align:justify\">-&nbsp; Những hạt nhũ ánh kim siêu nhỏ micro, giúp hiệu ứng bắt sáng tăng cao.&nbsp;</p>\r\n\r\n<p style=\"text-align:justify\">-&nbsp; Nhũ không hề làm ngứa hay rơi vào mắt nên các bạn cứ an tâm.</p>', '<p>- Phấn mắt lẻ 1 ô, nhỏ gọn và tiện lợi khi bỏ túi.</p>\r\n\r\n<p>- Chất phấn nhũ siêu mịn, lên màu rõ và chuẩn</p>\r\n\r\n<p>- Phấn siêu bám và lâu trôi</p>\r\n\r\n<p>- Cho bạn hiệu ứng đôi mắt nhũ lấp lánh, bắt sáng</p>', '2020-03-27 09:38:01', 80, 1, 6, 302, 'Phan-Mat-Nhu-Cao-Cap-Nyx-Cosmetics-Prismatic-Eyeshadow-1.jpg'),
(31, 'Set Son Colourpop Got A Minute Lippie Stix Bundle X3', 460000, '<p><span style=\"font-size:16px\"><span style=\"color:rgb(102, 102, 102); font-family:helvetica neue,helvetica,arial,sans-serif\">Colourpop là một hãng son bình dân nhưng lại rất được lòng các cô gái bởi sự đa dạng, cá tính trong màu sắc. Mà giá thành lại siêu hời, phù hợp với mọi túi tiền. Đặc biệt là khi hãng thường xuyên tung ra những set son được tổng hợp từ những màu bán chạy nhất.&nbsp;</span><strong>Set Son ColourPop Got A Minute Lippie Stix Bundle</strong><span style=\"color:rgb(102, 102, 102); font-family:helvetica neue,helvetica,arial,sans-serif\">&nbsp;vừa giúp các nàng bắt kịp trend, vừa tiết kiệm nữa chứ.</span></span></p>\r\n\r\n<p>Sản phẩm bao gồm cả 3 cây son tone đất rất trendy. Vừa không hề kén da mà lại còn rất dễ dùng nữa chứ! Cả 3 em ấy đều thuộc dòng son matte, lên màu rất chuẩn chỉ sau một lần quẹt. Không những mang đến hiệu ứng lì thời thượng cho đôi môi, mà còn tăng khả năng giữ màu trên môi.</p>\r\n\r\n<p>Sản phẩm vẫn sở hữu kích thước nhỏ nhắn hệt như một chiếc bút. Có thể “ẩn mình” trong hộp bút mà chẳng cần lo sẽ bị phát hiện. Đi học mà mang theo em ấy là “hết sảy con bà bảy” luôn nè.<br />\r\nNhưng đó vẫn chưa phải là hết, lần này&nbsp;Lippie Stix Bundle&nbsp;đã được “nâng cấp” xịn xò hơn so với phiên bản cũ. Phần vỏ phía ngoài được thay bằng màu bên trong son sẽ giúp bạn lựa chọn được màu son yêu thích nhanh -gọn – lẹ mà chẳng cần phải mở nắp.&nbsp;</p>', '<p>- Brink (Matte) màu của cánh hồng Terracotta.</p>\r\n\r\n<p>- Daydream (Matte X) màu mận pha nâu.</p>\r\n\r\n<p>- Goal Digger (Matte X) màu đỏ gạch.</p>', '2020-03-27 09:47:46', 80, 1, 4, 303, 'Set-Son-Colourpop-Got-A-Minute-Lippie-Stix-Bundle-X3-1.jpg'),
(32, 'Son Kem Lì Lâu Trôi Maybelline Super Stay Matte Ink', 190000, '<p><span style=\"font-size:16px\"><span style=\"color:rgb(102, 102, 102); font-family:helvetica neue,helvetica,arial,sans-serif\">Xuất xứ từ thương hiệu Maybeline Mỹ có màu sắc rực rỡ với hiệu ứng lì lâu trôi lên đến 26 tiếng nhưng không gây bợn, thô ráp trên môi khi son khô. Chất son lên môi có độ che phủ môi gần như hoàn hảo, chất son phủ đến tận kẽ môi chỉ với một lớp, cho đôi môi mịn mượt như nhung. Với thành phần giàu kem dưỡng cung cấp độ ẩm cho môi mà không gây cảm giác nặng môi.</span></span></p>\r\n\r\n<p><span style=\"font-size:16px\"><span style=\"color:rgb(102, 102, 102); font-family:helvetica neue,helvetica,arial,sans-serif\">Bước vào thế giới đa sắc màu của Maybelline Super Stay Matte Ink chỉ cần nhắm mắt “chọn bừa” bạn cũng sẽ tìm được một màu son ưng ý. Đỏ rượu sóng sánh hay hồng nâu dịu dàng, tông cam trẻ trung hay sắc tím “trendy”, son nào cũng lên màu xinh tuyệt, rất rất thật môi. Và điểm khác biệt để Maybelline Super Stay Matte Ink&nbsp;khiến cho bao cô gái “mê mệt”, đó chính là chất son lì – matte, nhưng lại “creamy”. Son kem lì là điều hiển nhiên, nhưng lì mà môi mềm, lì mà môi vẫn mịn, lì không gây “hằn” các rãnh nhăn, lì trên bờ môi mướt, thì dù là môi “khô” đi chăng nữa, cũng sẽ hài lòng khi “khoác” trên mình những màu son “yêu kiều” lâu trôi lâu phai cả ngày dài của Maybelline. Thỏi son đình đám này vừa mới cập bến&nbsp;</span><strong><a href=\"https://beautygarden.vn/\" style=\"box-sizing: border-box; background-color: transparent; color: rgb(51, 122, 183); text-decoration-line: none;\">hệ thống mỹ phẩm chính hãng</a></strong><span style=\"color:rgb(102, 102, 102); font-family:helvetica neue,helvetica,arial,sans-serif\">&nbsp;Beauty Garden rồi các nàng xinh đẹp nha!&nbsp;</span></span></p>\r\n\r\n<p><span style=\"font-size:16px\"><span style=\"color:rgb(102, 102, 102); font-family:helvetica neue,helvetica,arial,sans-serif\">Maybelline Super Stay Matte Ink 20 Pioneer&nbsp;– tông đỏ thuần chất, đỏ “nhức nhối” và rạng rỡ như một “nữ hoàng”. Đỏ là đỏ rõ nét, không quá “lòe loẹt” để bạn phải “ngại ngùng” khi ra phố nhưng đủ độ trầm để mỗi dịp party, đôi môi đỏ có thêm sức quyến rũ đầy mê hoặc. 20 Pioneer phù hợp với mọi tông da, tuyệt đối đẹp kể cả khi bạn make up hay để “mặt mộc” hàng ngày, em ý cực kì xứng đáng để bạn “cưng chiều” vì sắc đỏ thực sự của em ấy tạo nên hình ảnh cô gái vô cùng lôi cuốn, sang trọng và gợi cảm cho riêng mình bạn.</span></span></p>\r\n\r\n<p><span style=\"font-size:16px\"><span style=\"color:rgb(102, 102, 102); font-family:helvetica neue,helvetica,arial,sans-serif\">Maybelline Super Stay Matte Ink 30 Romantic – hồng neon sáng, thanh lịch và ngọt ngào. Sắc hồng của em ấy không quá rực rỡ đến độ “chói lòa”, không “lạnh” và ngả sang tím để da bị “bợt bạt”, mà Maybelline đã thật “tinh tế” pha trộn để hồng 30 Romantic sáng – vừa đủ tôn da, hồng – vừa “chuẩn” để gương mặt thêm nét nữ tính yêu kiều.</span></span></p>\r\n\r\n<p style=\"text-align:justify\">- Để có một đôi môi đẹp, đều màu, son không bị lem với những thỏi son kem Maybelline Super Stay Matte Ink&nbsp;các bạn có thể áp dụng cách đánh son dưới đây:</p>\r\n\r\n<p style=\"text-align:justify\">- Với một thỏi son kem các bạn nên lắc hoặc trộn đều trước khi dùng, để son không bị lắng, son mềm và khi đánh lên môi sẽ đều màu hơn.</p>\r\n\r\n<p style=\"text-align:justify\">- Sử dụng chì kẻ viền môi (nếu có) bước này các bạn có thể bỏ qua. Tuy nhiên nếu kẻ trước viền môi sẽ giúp bạn định hình trước được dáng môi của mình nên khi đánh son kem sẽ dễ dàng hơn rất nhiều.</p>\r\n\r\n<p style=\"text-align:justify\">- Sau khi đã có một lớp viền môi hoàn hảo, các bạn bắt đầu sử dụng son kem lì. Tuy nhiên điểm lưu ý đầu tiên chính là không được bặm môi khi đánh son kem lì, tốt nhất là khi đánh son kem lì các bạn nên há chữ a vừa phải để son không dính nhé.</p>\r\n\r\n<p style=\"text-align:justify\">- Lấy một lượng&nbsp;<strong><a href=\"https://beautygarden.vn/danh-muc/son-moi.html\" style=\"box-sizing: border-box; background-color: transparent; color: rgb(51, 122, 183); text-decoration-line: none;\">son kem lì</a></strong>&nbsp;vừa phải, tô đều vào môi dưới trước, sau khi đợi môi dưới khô lại các bạn bắt đầu chuyển lên môi trên và bắt đầu từ phần giữa môi.</p>\r\n\r\n<p style=\"text-align:justify\">- Nếu không kẻ viền môi trước thì các bạn hãy tô nhẹ nhàng từ ngoài viền môi rồi di dần vào trong để tránh son bị lem.</p>\r\n\r\n<p style=\"text-align:justify\">- Khi đánh son, nếu có bất kỳ phần nào bị lem ra phía ngoài mà lúc đó son chưa khô thì các bạn hãy dùng tay gạt nhẹ đi là được.</p>', '<p>- Son cực lâu trôi thời gian giữ màu đến 16 giờ liền.</p>\r\n\r\n<p>- Đa dạng màu sắc cho bạn nhiều sự lựa chọn.</p>\r\n\r\n<p>- Thiết kế của vỏ giống hệt với màu trong thỏi son.</p>\r\n\r\n<p>- Lên đúng màu và không gây khô môi.</p>', '2020-03-27 09:56:09', 80, 1, 5, 303, 'Son-Kem-Li-Lau-Troi-Maybelline-Super-Stay-Matte-Ink-1.jpg'),
(33, 'Son Kem Lì Nyx Lingerie Liquid Lipstick', 190000, '<p><span style=\"font-size:16px\"><span style=\"color:rgb(102, 102, 102); font-family:helvetica neue,helvetica,arial,sans-serif\">Chẳng lấy làm lạ khi cả bảng màu của Nyx Lingerie Liquid Lipstick gồm 12 màu tông nâu, nude và beige chiếm đa số. Hầu như các tông màu này đều đang rất được yêu thích tại Mỹ và trở thành hot-trend từ giữa năm 2015 đến nay. Trong số đó, màu cam đất Ruffle Trim là tông màu được phái đẹp Việt ưu ái.</span></span></p>\r\n\r\n<p style=\"text-align:justify\"><span style=\"font-size:16px\">Bảng màu Nyx Lingerie Liquid Lipstick phù hợp với mọi tông màu da, với các nàng da ngăm có thể sử dụng màu Ruffle Trim, Bedtime Flirt, Exotic, các nàng tông da trắng sáng đến tự nhiên có thể sử dụng cả bảng màu. Tuy nhiên, hầu hết bảng màu đều là tông nude, nâu nên khi make-up bạn cần tạo điểm nhấn một chút cho đôi mắt, nên đánh mắt khói nhẹ sẽ phù hợp với màu son hơn.</span></p>\r\n\r\n<p style=\"text-align:justify\"><span style=\"font-size:16px\"><span style=\"color:rgb(102, 102, 102); font-family:helvetica neue,helvetica,arial,sans-serif\">Nyx Lingerie Liquid Lipstick có mùi hương vani dịu nhẹ, không quá nồng, sau khi thoa lên mùi son sẽ không còn nữa. Chất son mượt mà, thời gian khô của son vừa phải, không quá nhanh hay quá chậm. Đặc biệt, son không hề gây bết dính và cũng không hề nặng môi. Dù thoa son nhiều lớp thì son vẫn đều màu, bên cạnh đó, màu son sẽ lên chuẩn hơn sau khi thoa khoảng 3 phút.</span></span></p>\r\n\r\n<p style=\"text-align:justify\"><span style=\"font-size:16px\"><span style=\"color:rgb(102, 102, 102); font-family:helvetica neue,helvetica,arial,sans-serif\">Về độ bám, nếu không ăn uống thì son vẫn bám màu tốt cả ngày nhưng nếu ăn uống nhiều, đặc biệt là ăn các món chiên, xào nhiều dầu mỡ thì son sẽ trôi đi ở lòng môi. Vì vậy, bạn cần đem theo để dặm son lại sau khi ăn uống.</span></span></p>', '<p>Son kem lì Lingerie Liquid Lipstick có mùi hương vani dịu nhẹ, không quá nồng, sau khi thoa lên mùi son sẽ không còn nữa. Chất son mượt mà, thời gian khô của son vừa phải, không quá nhanh hay quá chậm. Đặc biệt, son không hề gây bết dính.</p>', '2020-03-27 10:05:20', 80, 1, 6, 303, 'Son-Kem-Li-Nyx-Lingerie-Liquid-Lipstick-1.jpg'),
(34, 'Son Lì Colourpop Lippie Stix 1Gr', 180000, '<p><span style=\"font-size:16px\"><span style=\"color:rgb(102, 102, 102); font-family:helvetica neue,helvetica,arial,sans-serif\">Colourpop</span><span style=\"color:rgb(102, 102, 102); font-family:helvetica neue,helvetica,arial,sans-serif\">&nbsp;là hãng mỹ phẩm bình dân khá mới của Mỹ. Đây là hãng mỹ phẩm online, chủ yếu tập trung sản xuất các sản phẩm thuộc dạng colour make up là màu mắt, phấn má và son môi, sau này thì có thêm highlighter và bronzer. Các sản</span><span style=\"color:rgb(102, 102, 102); font-family:helvetica neue,helvetica,arial,sans-serif\">&nbsp;phẩm của&nbsp;Colourpop&nbsp;có mức giá rất bình dân.&nbsp;Dòng son&nbsp;<strong>Colourpop&nbsp;Lippie Stix 1gr</strong>&nbsp;này đang rất được yêu thích và được khen ngơi rất nhiều , chất son siêu đẹp màu sắc thì cực kì trẻ trung và đa dạng.</span></span></p>\r\n\r\n<p><span style=\"font-size:16px\">Nói đến ColourPop, nhiều cô nàng có thể sẽ nghĩ ngay đến dòng son kem đình đám Ultra Matte nhưng cây son bút chì Lippie Stix mới là sản phẩm gây sốt đầu tiên của hãng tại Việt Nam. Mặc dù đã \"hot\" từ năm ngoái nhưng cho đến tận thời điểm này, Lippie Stix vẫn được yêu thích nồng nhiệt.Không những mang đến hiệu ứng lì thời thượng cho đôi môi, mà còn tăng khả năng giữ màu trên môi.</span></p>\r\n\r\n<p><span style=\"font-size:16px\">Sản phẩm vẫn sở hữu kích thước nhỏ nhắn hệt như một chiếc bút. Có thể “ẩn mình” trong hộp bút mà chẳng cần lo sẽ bị phát hiện. Đi học mà mang theo em ấy là “hết sảy con bà bảy” luôn nè.<br />\r\nNhưng đó vẫn chưa phải là hết, lần này&nbsp;ColourPop Lippie Stix Bundle&nbsp;đã được “nâng cấp” xịn xò hơn so với phiên bản cũ. Phần vỏ phía ngoài được thay bằng màu bên trong son sẽ giúp bạn lựa chọn được màu son yêu thích nhanh -gọn – lẹ mà chẳng cần phải mở nắp.&nbsp;</span></p>', '<p style=\"text-align:justify\">&nbsp;Thiết kế với chất son cực mịn, khả năng lên màu siêu chuẩn</p>\r\n\r\n<p style=\"text-align:justify\">- Sự kết hợp hoàn hảo của 3 loại son chín: son lì, son dưỡng và son tint</p>\r\n\r\n<p style=\"text-align:justify\">- Giúp dưỡng môi mềm mại, lâu trôi và nhẹ nhàng không nặng môi</p>', '2020-03-27 10:17:38', 80, 1, 4, 303, 'Son-Li-Colourpop-Lippie-Stix-1Gr-1.jpg'),
(35, 'Mặt nạ GLAMGLOW SUPERMUD Clearing Treatment', 1400000, '<p style=\"text-align:justify\">Ưu điểm</p>\r\n\r\n<ul>\r\n	<li>Sự kết hợp của 6 loại acid siêu tốt cho da : Super Six Acid ==&gt; giúp giải quyết các vấn đề về da như da hư tổn, tắc lỗ chân lông, da không đều màu, lỗ chân lông to, mụn sưng, mụn đầu đen .. và vết thâm mụn</li>\r\n</ul>\r\n\r\n<ul>\r\n	<li>1+ Glycolic - Giúp khôi phục da bị hư hại da &amp; cải thiện kết cấu da.<br />\r\n	2+ Salicylic - Giúp làm sạch lỗ chân lông &amp; trẻ hóa da.<br />\r\n	3+ Lactic - Giúp điều chỉnh sắc tố, tăng độ ẩm, kích thích sản sinh Collagen.</li>\r\n	<li>4+ Mandelic - Giúp giảm nếp nhăn, chống lão hóa da và tăng đàn hồi.</li>\r\n	<li>5+ Pyruvic - Giúp làm sạch da, mau liền sẹo</li>\r\n	<li>6+ Azelaic - Giúp chống vi khuẩn nang &amp; mụn.</li>\r\n</ul>\r\n\r\n<ul>\r\n	<li>Than hoạt tính: giúp thanh lọc các chất bụi bẩn, chất độc hại trong lỗ chân lông , giảm dầu thừa , sạch sâu lỗ chân lông</li>\r\n	<li>TEAOXI : Công nghệ ĐỘC QUYỀN thuộc thương hiệu Glamglow , chiết xuất từ các loại lá cây thiên nhiên , giúp đem đến tác dụng tức thì sau khi đắp trên da.</li>\r\n</ul>\r\n\r\n<p style=\"text-align:justify\">Hướng dẫn sử dụng:</p>\r\n\r\n<ul>\r\n	<li>Sau khi làm sạch da, bôi một lớp mỏng lên da , để 5 - 15 phút rồi rửa sạch với nước ấm</li>\r\n	<li>Có thể sử dụng cho toàn bộ khuôn mặt (full mask) hoặc cho những vùng da có vấn đề như da mụn, lỗ chân lông to… Không nên bôi lên các vết thương/mụn hở chưa lành.</li>\r\n</ul>\r\n\r\n<p><span style=\"color:rgb(0, 0, 0)\">&nbsp;</span><strong>Thông tin chi tiết sản phẩm</strong></p>\r\n\r\n<ul>\r\n	<li>Quy cách:<span style=\"color:rgb(51, 51, 51)\">Hộp 50g</span></li>\r\n	<li>Xuất xứ:<span style=\"color:rgb(51, 51, 51)\">Mỹ (USA)</span></li>\r\n	<li>Hãng SX:<span style=\"color:rgb(51, 51, 51)\"> Glamglow</span></li>\r\n</ul>', '<p>Sự kết hợp của 6 loại acid siêu tốt cho da : Super Six Acid ==&gt; giúp giải quyết các vấn đề về da như da hư tổn, tắc lỗ chân lông, da không đều màu, lỗ chân lông to, mụn sưng, mụn đầu đen .. và vết thâm mụn</p>', '2020-03-28 05:36:17', 80, 1, 2, 106, 'Mat-na-GLAMGLOW-SUPERMUD-Clearing-Treatment-1.PNG'),
(36, 'Mặt Nạ Sủi Bọt GLAMGLOW BUBBLE SHEET', 158000, '<p style=\"text-align:justify\">Mặt nạ sủi bọt là loại mặt nạ đã không còn xa lạ với chị em skincare , đây là một trong những loại mặt nạ được ưa chuộng về mặt skincare vì tác dụng thải độc . Mặt nạ này hoạt động với cơ chế là cho dưỡng chất từ mặt nạ đi thẳng vào da, lấy đi các bụi bẩn kèm với khí tích tụ trong lỗ chân lông và đi hết ra ngoài.<span style=\"color:rgb(0, 0, 0)\"> </span>Những kiểu mặt nạ sủi bọt thế này thường rất sạch vì lực của không khí được tống ra đủ mạnh để lấy đi toàn bộ bụi bẩn và nhờn dư từ sâu bên trong ra</p>\r\n\r\n<p style=\"text-align:justify\"><strong>Ưu điểm</strong></p>\r\n\r\n<ul>\r\n	<li>Giải phóng oxy trong lỗ chân lông .</li>\r\n	<li>Thải độc tố .</li>\r\n	<li>Lấy sạch bụi bẩn bả nhờn sâu trong da .</li>\r\n	<li>Nâng tone da .</li>\r\n	<li>Giúp làn da tỏa sáng , sáng mịn tự nhiên .</li>\r\n	<li>Se nhỏ lỗ chân lông sau khi lấy đi bụi bẩn và sợi bả nhờn ..</li>\r\n</ul>\r\n\r\n<p style=\"text-align:justify\"><strong>Hướng dẫn sử dụng:</strong></p>\r\n\r\n<ul>\r\n	<li>Một tháng chỉ nên đắp mặt nạ sủi bọt 2 – 3 lần để tránh da bị mất nước, khô và bong tróc</li>\r\n	<li>Khi cho một lớp mặt lên mặt, cảm giác đầu tiên bạn cảm nhận được đó chính là như bị châm chích, nhưng nhẹ. Sau đó là bọt sẽ nổi lên, lúc này cảm giác da mặt sẽ hơi ngứa ngứa cùng với những tiếng nổ của bọt bóng.</li>\r\n	<li>Trong khoảng thời gian 10 phút trở đi, bạn cần dùng tay massage lên da mặt của mình để những bọt khí được tan ra và biến mất. Sau 3 phút như vậy thì bạn rửa lại với nước ấm, cuối cùng dùng nước lạnh rửa sạch để thu nhỏ lỗ chân lông.</li>\r\n</ul>\r\n\r\n<p><span style=\"color:rgb(0, 0, 0)\">&nbsp;</span><strong>Thông tin chi tiết sản phẩm</strong></p>\r\n\r\n<ul>\r\n	<li>Quy cách:<span style=\"color:rgb(51, 51, 51)\"> Miếng</span></li>\r\n	<li>Xuất xứ:<span style=\"color:rgb(51, 51, 51)\">Mỹ (USA)</span></li>\r\n	<li>Hãng SX:<span style=\"color:rgb(51, 51, 51)\"> Glamglow</span></li>\r\n</ul>', '<ul>\r\n	<li>Giải phóng oxy trong lỗ chân lông .</li>\r\n	<li>Thải độc tố .</li>\r\n	<li>Lấy sạch bụi bẩn bả nhờn sâu trong da .</li>\r\n	<li>Nâng tone da .</li>\r\n	<li>Giúp làn da tỏa sáng , sáng mịn tự nhiên .</li>\r\n	<li>Se nhỏ lỗ chân lông sau khi lấy đi bụi bẩn và sợi bả nhờn ..</li>\r\n</ul>', '2020-03-28 05:44:46', 80, 1, 2, 106, 'Mat-Na-Sui-Bot-GLAMGLOW-BUBBLE-SHEET-1.PNG'),
(37, 'Mặt nạ Lush Mask Of Magnaminty', 380000, '<p style=\"text-align:justify\">Nếu như LUSH đã quá nổi tiếng với các loại mặt nạ hỗ trợ điều trị mụn như mặt nạ bạc hà, mặt nạ tỏi thì mặt nạ tươi Don\'t Look At Me với màu xanh bắt mắt chính là câu trả lời cho phần tiếp theo, thâm mụn hay những vùng da không đều màu đáng ghét.</p>\r\n\r\n<p style=\"text-align:justify\"><strong>Ưu điểm</strong></p>\r\n\r\n<p style=\"text-align:justify\">Bentonite Gel: đây là 1 loại đất sét có nguồn gốc từ tro núi lửa. Nó có khả năng hấp thu dầu thừa và bụi bẩn trên da đồng thời làm khít các tế bào da, làm mịn nếp nhăn, làm sạch sâu cho da.</p>\r\n\r\n<p style=\"text-align:justify\">Kaolin: là đất sét trắng nằm sâu dưới đất cát do thuỷ triều hoặc phong hoá tạo nên. Nó có tác dụng thúc đẩy quá trình phát triển tế bào, cân bằng sự điều tiết bã nhờn, hỗ trợ cải thiện mụn, góp phần mang lại làn da tươi sáng hơn.</p>\r\n\r\n<p style=\"text-align:justify\">Honey: có tác dụng làm sáng da, trị thâm, giúp làm lành vết thương, kháng khuẩn và phù hợp với cả làn da nhạy cảm. Mật ong của Lush được lấy từ Hungary, Greece và UK.</p>\r\n\r\n<p style=\"text-align:justify\">Organic Aduzi Bean: đậu Aduzi có tác dụng loại bỏ tế bào da chết để da trở nên khoẻ mạnh, tươi sáng hơn. Ngoài ra, chúng còn giúp hấp thu các chất bẩn, dầu dư thừa trên da, kích thích quá trình lưu thông máu trên da hiệu quả.</p>\r\n\r\n<p style=\"text-align:justify\">African Marigold Oil: tinh dầu hoa cúc Châu Phi có khả năng chống oxi hoá, kháng viêm cho da. Đây cũng là chất bảo quản tự nhiên, giúp cho mặt nạ tươi của Lush không cần dùng hoá chất bảo quản.</p>\r\n\r\n<p style=\"text-align:justify\"><strong>Hướng dẫn sử dụng:</strong></p>\r\n\r\n<ul>\r\n	<li>Sau khi làm sạch da bằng tẩy trang và sữa rửa mặt, bạn làm ẩm da với một chút nước ấm.</li>\r\n	<li>Lấy một lượng mặt nạ Lush vừa đủ massage lên da trong vòng 1 phút và giữ trên mặt 10 phút.</li>\r\n	<li>Rửa sạch mặt bằng nước ấm và khăn ấm ẩm, sau đó dùng bông thấm cho ráo nước và dùng các bước skincare như bình thường.</li>\r\n	<li>Nên sử dụng 2-3 lần/tuần để đạt hiệu quả tốt nhất.</li>\r\n</ul>\r\n\r\n<p><span style=\"color:rgb(0, 0, 0)\">&nbsp;</span><strong>Thông tin chi tiết sản phẩm</strong></p>\r\n\r\n<ul>\r\n	<li>Quy cách:<span style=\"color:rgb(51, 51, 51)\">Hộp 125g</span></li>\r\n	<li>Xuất xứ:<span style=\"color:rgb(51, 51, 51)\">Mỹ (USA)</span></li>\r\n	<li>Hãng SX:<span style=\"color:rgb(51, 51, 51)\">Lush</span></li>\r\n</ul>', '<p>Nếu như LUSH đã quá nổi tiếng với các loại mặt nạ hỗ trợ điều trị mụn như mặt nạ bạc hà, mặt nạ tỏi thì mặt nạ tươi Dont Look At Me với màu xanh bắt mắt chính là câu trả lời cho phần tiếp theo, thâm mụn hay những vùng da không đều màu đáng ghét.</p>', '2020-03-28 05:50:14', 80, 1, 1, 106, 'Mat-na-Lush-Mask-Of-Magnaminty-1.PNG'),
(38, 'Mặt nạ tươi Lush Dont Look At Me', 325000, '<p style=\"text-align:justify\">Nếu như LUSH đã quá nổi tiếng với các loại mặt nạ hỗ trợ điều trị mụn như mặt nạ bạc hà, mặt nạ tỏi thì mặt nạ tươi Don\'t Look At Me với màu xanh bắt mắt chính là câu trả lời cho phần tiếp theo, thâm mụn hay những vùng da không đều màu đáng ghét</p>\r\n\r\n<p style=\"text-align:justify\"><strong>Ưu điểm</strong></p>\r\n\r\n<ul>\r\n	<li style=\"text-align:justify\">Với thành phần bao gồm nước chanh vàng tươi, sữa gạo và đậu hũ lụa, mặt nạ tươi Don\'t Look At Me có tác dụng làm sạch, làm sáng da, cải thiện vùng da không đều màu, giảm sưng đỏ, làm mờ thâm mụn. Ngoài ra, thành phần Glycerin - nguyên liệu cấp ẩm được làm từ rau củ, bơ Murumuru từ Brazil và sirô gạo vốn giàu protein và vitamin sẽ giúp khóa ẩm, cung cấp độ ẩm cần thiết và trả lại sự bóng khỏe cho làn da. Mặt nạ này còn được làm từ bột gạo xay nhuyễn có tác dụng tẩy da chết một cách nhẹ nhàng nhất cho da, và cao lanh giúp hút hết các tạp chất trên da để lại làn da mịn màng, mượt mà, tươi tắn nhất cho bạn.</li>\r\n	<li style=\"text-align:justify\">Mặt nạ dùng được cho mọi loại da, phù hợp với làn da không đều màu, da có thâm mụn, da sần sùi, xỉn màu, da dễ lên mụn</li>\r\n</ul>\r\n\r\n<p style=\"text-align:justify\"><strong>Hướng dẫn sử dụng:</strong></p>\r\n\r\n<ul>\r\n	<li>Sản phẩm nên dùng sau bước tẩy trang, sữa rửa mặt và trước bước cân bằng da bằng toner.</li>\r\n	<li>Mỗi hộp fullsize 75g dùng được khoảng 7-8 lần nên bạn hãy lấy đủ ít nhất là 1/8 hũ để sử dụng có hiệu quả nhé!</li>\r\n	<li>Mặt nạ tươi nên để trên da khoảng 15 phút trước khi bạn rửa lại với nước hoặc lau đi bằng khăn ẩm.</li>\r\n	<li>Sau khi sử dụng bạn hãy bảo quản ở ngăn mát tủ lạnh nhé!</li>\r\n</ul>\r\n\r\n<p><span style=\"color:rgb(0, 0, 0)\">&nbsp;</span><strong>Thông tin chi tiết sản phẩm</strong></p>\r\n\r\n<ul>\r\n	<li>Quy cách:<span style=\"color:rgb(51, 51, 51)\">Hộp 75g</span></li>\r\n	<li>Xuất xứ:<span style=\"color:rgb(51, 51, 51)\">Mỹ (USA)</span></li>\r\n	<li>Hãng SX:<span style=\"color:rgb(51, 51, 51)\">Lush</span></li>\r\n</ul>', '<p>Nếu như LUSH đã quá nổi tiếng với các loại mặt nạ hỗ trợ điều trị mụn như mặt nạ bạc hà, mặt nạ tỏi thì mặt nạ tươi Dont Look At Me với màu xanh bắt mắt chính là câu trả lời cho phần tiếp theo, thâm mụn hay những vùng da không đều màu đáng ghét.</p>', '2020-03-28 05:54:53', 80, 1, 1, 106, 'Mat-na-tuoi-Lush-Dont-Look-At-Me-1.PNG'),
(39, 'Tinh chất Glamglow SUPERSERUM™ 30ml', 750000, '<p style=\"text-align:justify\">SUPERSERUM ™ là một loại serum tẩy tế bào chết và tẩy tế bào chết cho da, làm tan các tế bào bề mặt xỉn màu và giảm thiểu sự xuất hiện của nếp nhăn cho làn da mịn màng, rạng rỡ tức thì. Được cung cấp bởi 6 loại Super Acid gồm tẩy tế bào chết AHA, BHA và PHA có hiệu lực cao, nó hoạt động trên các lớp da khác nhau để nới lỏng các tế bào da chết, thúc đẩy tái tạo tế bào và thậm chí là làm mờ tông màu da và kết cấu. Dành cho mọi loại da; Thích hợp cho da dễ bị mụn trứng cá. Chuyển đổi từ màu xám sang rõ ràng khi áp dụng.</p>\r\n\r\n<p style=\"text-align:justify\">Thêm than hoạt tính làm sạch lỗ chân lông trong khi axit hyaluronic hydrat hóa ngay lập tức.</p>\r\n\r\n<p style=\"text-align:justify\"><strong>Ưu điểm của Tinh chất dưỡng ẩm Neutrogena Hydro Boost Hydrating Serum:</strong></p>\r\n\r\n<ul>\r\n	<li style=\"text-align:justify\">6 loại Super Acid: Ngay lập tức loại bỏ các tế bào bề mặt chết và làm thông thoáng lỗ chân lông cho một làn da được làm rõ.</li>\r\n	<li style=\"text-align:justify\">AXIT HYALURONIC: Dưỡng ẩm và làm căng da.</li>\r\n	<li style=\"text-align:justify\">THAN HOẠT TÍNH: Thanh lọc làn da.<span style=\"font-family:arial\">.</span></li>\r\n</ul>\r\n\r\n<p style=\"text-align:justify\"><strong>Hướng dẫn sử dụng:</strong></p>\r\n\r\n<p>1. Dùng sau bước rửa mặt , buổi sáng và / hoặc đêm.</p>\r\n\r\n<p>2. Dùng kèm với một loại kem dưỡng ẩm.</p>\r\n\r\n<p><strong>Thông tin chi tiết sản phẩm</strong></p>\r\n\r\n<ul>\r\n	<li>Quy cách:<span style=\"color:rgb(51, 51, 51)\">Chai 30ml</span></li>\r\n	<li>Xuất xứ:<span style=\"color:rgb(51, 51, 51)\">Mỹ (USA)</span></li>\r\n	<li>Hãng SX:<span style=\"color:rgb(51, 51, 51)\"> Glamglow</span></li>\r\n</ul>', '<ul>\r\n	<li style=\"text-align:justify\">6 loại Super Acid: Ngay lập tức loại bỏ các tế bào bề mặt chết và làm thông thoáng lỗ chân lông cho một làn da được làm rõ.</li>\r\n	<li style=\"text-align:justify\">AXIT HYALURONIC: Dưỡng ẩm và làm căng da.</li>\r\n	<li style=\"text-align:justify\">THAN HOẠT TÍNH: Thanh lọc làn da.<span style=\"font-family:arial\">.</span></li>\r\n</ul>', '2020-03-28 06:00:47', 79, 1, 2, 104, 'Tinh-chat-Glamglow-SUPERSERUM-30ml-1.PNG'),
(40, 'Tinh chất dưỡng ẩm Neutrogena Hydro Boost Hydrating Serum 30ml', 390000, '<p>Tinh chất dưỡng ẩm Neutrogena Hydro Boost Hydrating Serum với tinh chất Hyaluronic Acid đậm đặc cung cấp nước và giữ ẩm tuyệt vời cho da lên đến 48h. Serum nhanh chóng cải thiện tình trạng da khô, bong tróc sần sùi, mất nước trong mùa đông, nuôi dưỡng làn da căng bóng mịn màng.</p>\r\n\r\n<p>Serum thấm cực nhanh, không gây mụn, an toàn tuyệt đối phù hợp với mọi loại da.</p>\r\n\r\n<p style=\"text-align:justify\">Ưu điểm của Tinh chất dưỡng ẩm Neutrogena Hydro Boost Hydrating Serum:</p>\r\n\r\n<p style=\"text-align:justify\"><span style=\"font-family:zapf dingbats\">✔</span>&nbsp;&nbsp;Neutrogena Hydro Boost Hydrating Serum&nbsp;cung cấp độ ẩm tối đa cho làn da mềm mại, mịn màng.</p>\r\n\r\n<p style=\"text-align:justify\"><span style=\"font-family:zapf dingbats\">✔</span> Nuôi dưỡng da khỏe mạnh, căng bóng từ bên trong</p>\r\n\r\n<p style=\"text-align:justify\"><span style=\"font-family:zapf dingbats\">✔</span> Cải thiện tình trạng da khô, bong tróc, mất nước, giữ ẩm suốt 48h</p>\r\n\r\n<p style=\"text-align:justify\"><span style=\"font-family:zapf dingbats\">✔</span>&nbsp;Serum dưỡng da neutrogena&nbsp;làm mềm vùng da sần sùi, tăng độ đàn hồi cho da</p>\r\n\r\n<p style=\"text-align:justify\"><span style=\"font-family:zapf dingbats\">✔</span> Làm giảm nguy cơ hình thành nếp nhăn và&nbsp;<span style=\"color:rgb(40, 138, 214)\">lão hóa</span>, duy trì làn da căng mịn tươi tắn</p>\r\n\r\n<p style=\"text-align:justify\"><span style=\"font-family:zapf dingbats\">✔</span> Sử dụng&nbsp;tinh chất dưỡng ẩm Neutrogena&nbsp;một thời gian, bạn sẽ thấy làn da sáng hơn, rạng rỡ, tràn đầy sức sống.</p>\r\n\r\n<p style=\"text-align:justify\"><span style=\"font-family:zapf dingbats\">✔</span> Làm giảm thiểu những tác động từ bên ngoài tới da,</p>\r\n\r\n<p style=\"text-align:justify\"><strong>Hướng dẫn sử dụng:</strong></p>\r\n\r\n<p style=\"text-align:justify\"><span style=\"color:rgb(51, 51, 51)\">Làm sạch da bằng&nbsp;</span>sữa rửa mặt Neutrogena</p>\r\n\r\n<p style=\"text-align:justify\">Lấy một vài giọt serum massage đều khắp mặt. Tinh chất sẽ nhanh chóng thẩm thấu vào da, không để lại nhờn, mùi thơm nhẹ dịu, dễ chịu.</p>\r\n\r\n<p style=\"text-align:justify\">Sử dụng mỗi buổi sáng và tối cho hiệu quả tốt nhất.</p>\r\n\r\n<p style=\"text-align:justify\">Nên kết hợp các sản phẩm cùng dòng Hydro Boost của Neutrogena.</p>\r\n\r\n<p><strong>Thông tin chi tiết sản phẩm</strong></p>\r\n\r\n<ul>\r\n	<li>Quy cách:<span style=\"color:rgb(51, 51, 51)\">Chai 30ml</span></li>\r\n	<li>Xuất xứ:<span style=\"color:rgb(51, 51, 51)\">Mỹ (USA)</span></li>\r\n	<li>Hãng SX:<span style=\"color:rgb(51, 51, 51)\">Neutrogena</span></li>\r\n</ul>', '<p style=\"text-align:justify\"><span style=\"font-family:zapf dingbats\">✔</span>&nbsp;Nuôi dưỡng da khỏe mạnh, căng bóng từ bên trong</p>\r\n\r\n<p style=\"text-align:justify\"><span style=\"font-family:zapf dingbats\">✔</span>&nbsp;Cải thiện tình trạng da khô, bong tróc, mất nước, giữ ẩm suốt 48h</p>\r\n\r\n<p style=\"text-align:justify\"><span style=\"font-family:zapf dingbats\">✔</span>&nbsp;Serum dưỡng da neutrogena&nbsp;làm mềm vùng da sần sùi, tăng độ đàn hồi cho da</p>', '2020-03-28 06:07:00', 80, 1, 3, 104, 'Tinh-chat-duong-am-Neutrogena-Hydro-Boost-Hydrating-Serum-30ml-1.PNG'),
(41, 'Tinh Chất Neutrogena Hydro Boost Multivitamin Booster', 390000, '<p style=\"text-align:justify\">Tinh Chất Neutrogena Hydro Boost Multivitamin Booster 30ml&nbsp;với khả năng ngậm nước tối ưu, Hyaluronic Acid cho khả năng thẩm thấu vào bề mặt da để khóa lại lượng ẩm trên da, khiến da bạn trở nên mịn mướt hơn. Glycerin có tác dụng làm mềm và dưỡng ẩm, niacinamide giúp se lỗ chân lông, giảm nếp nhăn, kích thích sợi đàn hồi, trẻ hóa da… Ứng cử viên rất sáng giá nếu bạn có nhu cầu về một sản phẩm chăm sóc da toàn diện.</p>\r\n\r\n<p style=\"text-align:justify\">Ưu điểm của Tinh chất dưỡng ẩm Neutrogena Hydro Boost Hydrating Serum:</p>\r\n\r\n<ul>\r\n	<li style=\"text-align:justify\">Sản phẩm có kết cấu mỏng nhẹ, dễ dàng thấm sâu vào tận tế bào da và bổ sung độ ẩm tức thì giúp giải quyết tình trạng da khô ngay từ bên trong.</li>\r\n	<li style=\"text-align:justify\">Khi lên da sản phẩm nhanh chóng tạo thành một lớp màng giữ ẩm, không chỉ bổ sung dưỡng chất giúp da căng mịn, hạn chế tình trạng da khô, xỉn màu mà còn bảo vệ da khỏi các tác động gây lão hóa từ xung quanh.</li>\r\n	<li style=\"text-align:justify\">Đặc biệt sản phẩm vẫn áp dụng tiêu chí an toàn với mọi làn da, hoàn toàn không chứ dầu và không gây tắc nghẽn lỗ chân lông<span style=\"font-family:arial\">.</span></li>\r\n</ul>\r\n\r\n<p style=\"text-align:justify\">Hướng dẫn sử dụng:</p>\r\n\r\n<ul>\r\n	<li style=\"text-align:justify\">Sau khi làm sạch da và sử dụng toner, lấy một lượng vừa đủ&nbsp;ra tay và thoa đều lên mặt.</li>\r\n	<li style=\"text-align:justify\">Kết hợp các động tác massage để tăng khả năng thẩm thấu cho tinh chất.</li>\r\n	<li style=\"text-align:justify\">Để có kết quả tốt nhất nên sử dụng 2 lần mỗi ngày vào buổi sáng và buổi tối.</li>\r\n</ul>\r\n\r\n<p><strong>Thông tin chi tiết sản phẩm</strong></p>\r\n\r\n<ul>\r\n	<li>Quy cách:<span style=\"color:rgb(51, 51, 51)\">Chai 30ml</span></li>\r\n	<li>Xuất xứ:<span style=\"color:rgb(51, 51, 51)\">Mỹ (USA)</span></li>\r\n	<li>Hãng SX:<span style=\"color:rgb(51, 51, 51)\">Neutrogena</span></li>\r\n</ul>', '<ul>\r\n	<li style=\"text-align:justify\">Sản phẩm có kết cấu mỏng nhẹ, dễ dàng thấm sâu vào tận tế bào da và bổ sung độ ẩm tức thì giúp giải quyết tình trạng da khô ngay từ bên trong.</li>\r\n	<li style=\"text-align:justify\">Khi lên da sản phẩm nhanh chóng tạo thành một lớp màng giữ ẩm, không chỉ bổ sung dưỡng chất giúp da căng mịn, hạn chế tình trạng da khô, xỉn màu mà còn bảo vệ da khỏi các tác động gây lão hóa từ xung quanh.</li>\r\n</ul>', '2020-03-28 06:11:49', 80, 1, 3, 104, 'Tinh-Chat-Neutrogena-Hydro-Boost-Multivitamin-Booster-30ml-1.PNG');
INSERT INTO `product` (`product_id`, `product_title`, `product_price`, `product_description`, `product_highlight`, `product_date`, `product_quantity`, `product_status`, `brand_id`, `productType_id`, `product_image`) VALUES
(42, 'Nước hoa hồng dạng xịt cho da dầu mụn Lush Tea Tree Water', 480000, '<p style=\"text-align:justify\">Mặc dù hiện nay trên thị trường có rất nhiều loại toner nhưng nước hoa hồng&amp;nbsp;Lush Tea Tree Water vẫn luôn chiếm được sự tin dùng của các tín đồ làm đẹp bởi sản phẩm được chiết xuất 100% từ thảo mộc thiên nhiên, giúp sạch da, cân bằng độ pH. Nó còn kháng khuẩn, làm dịu các vùng da sưng đỏ, ngừa mụn và chăm sóc da mịn màng, căng mướt.</p>\r\n\r\n<p style=\"text-align:justify\"><strong>Ưu điểm</strong></p>\r\n\r\n<ul>\r\n	<li style=\"text-align:justify\">Loại bỏ bụi bẩn, làm sạch da.</li>\r\n	<li style=\"text-align:justify\">Kiểm soát bã nhờn.</li>\r\n	<li style=\"text-align:justify\">Làm dịu vùng da viêm, đỏ.</li>\r\n	<li style=\"text-align:justify\">Kháng khuẩn, kháng nấm, ngăn ngừa và giảm vết thâm do mụn.</li>\r\n	<li style=\"text-align:justify\">Cân bằng độ pH cho làn da.</li>\r\n	<li style=\"text-align:justify\">Cung cấp các dưỡng chất cần thiết chăm sóc da mịn màng, săn chắc.</li>\r\n	<li style=\"text-align:justify\">Sản phẩm phù hợp với da thường, da hỗn hợp, da nhờn, da dầu mụn.</li>\r\n	<li style=\"text-align:justify\">Sử dụng 2 lần/ ngày hoặc nhiều hơn nếu muốn.</li>\r\n</ul>\r\n\r\n<p style=\"text-align:justify\"><strong>Hướng dẫn sử dụng:</strong></p>\r\n\r\n<ul>\r\n	<li>Làm sạch da mặt bằng sản phẩm tẩy trang và sữa rửa mặt.</li>\r\n	<li>Nhắm mắt lại, xịt trực tiếp nước hoa hồng lên khuôn mặt hoặc xịt vào bông tẩy trang rồi thoa đều trên mặt.</li>\r\n	<li>Massage nhẹ nhàng trên khắp bề mặt da để toner thẩm thấu nhanh vào da.</li>\r\n	<li>Thực hiện các bước dưỡng da tiếp theo (nếu có).</li>\r\n	<li>Chú ý không rửa lại mặt sau khi bôi nước hoa hồng.</li>\r\n</ul>\r\n\r\n<p><span style=\"color:rgb(0, 0, 0)\">&nbsp;</span><strong>Thông tin chi tiết sản phẩm</strong></p>\r\n\r\n<ul>\r\n	<li>Quy cách: Chai 250ml</li>\r\n	<li>Xuất xứ:<span style=\"color:rgb(51, 51, 51)\">Mỹ (USA)</span></li>\r\n	<li>Hãng SX:<span style=\"color:rgb(51, 51, 51)\">Lush</span></li>\r\n</ul>', '<ul>\r\n	<li style=\"text-align:justify\">Loại bỏ bụi bẩn, làm sạch da.</li>\r\n	<li style=\"text-align:justify\">Kiểm soát bã nhờn.</li>\r\n	<li style=\"text-align:justify\">Làm dịu vùng da viêm, đỏ.</li>\r\n	<li style=\"text-align:justify\">Kháng khuẩn, kháng nấm, ngăn ngừa và giảm vết thâm do mụn.</li>\r\n	<li style=\"text-align:justify\">Cân bằng độ pH cho làn da.</li>\r\n</ul>', '2020-03-28 06:17:45', 80, 1, 1, 102, 'Nuoc-hoa-hong-dang-xit-cho-da-dau-mun-Lush-Tea-Tree-Water-1.PNG'),
(43, 'Nước hoa hồng dạng xịt LUSH - Eau Roma Water toner', 480000, '<p style=\"text-align:justify\">Eau Roma Water là toner của LUSH được chiết xuất từ cánh hoa hồng mát lành, giúp làm giảm tình trạng mẩn đỏ, kích ứng của da. Đồng thời với chiết xuất từ nước hoa oải hương sẽ để lại một làn da mềm mại, đủ nước và dễ chịu suốt cả ngày.&nbsp; Sản phẩm dành riêng cho da nhạy cảm và da khô</p>\r\n\r\n<p style=\"text-align:justify\"><strong>Ưu điểm</strong></p>\r\n\r\n<ul>\r\n	<li style=\"text-align:justify\">Có thể xịt trước hoặc sau khi trang điểm giúp lớp trang điểm của bạn được bảo vệ lâu hơn, giúp da dễ ăn kem trang điểm hoặc phấn nền hơn.</li>\r\n	<li style=\"text-align:justify\">Dưỡng ẩm da khô khi ngồi nhiều điều hòa, máy tính nên sử dụng.</li>\r\n	<li style=\"text-align:justify\">Nên sử dụng sau khi waxing hay đi ngoài nắng về, da của bạn sẽ được làm mát giảm hẳn cảm giác khô rát, khó chịu.</li>\r\n</ul>\r\n\r\n<p style=\"text-align:justify\">Hướng dẫn sử dụng:</p>\r\n\r\n<ul>\r\n	<li>Đặt chai song song với mặt và cách mặt khoảng 1 gang tay.</li>\r\n	<li>Xịt đều một vòng khắp gương mặt, vỗ nhẹ nhàng cho đến khi toner thẩm thấu hết trên da</li>\r\n	<li>Sử dụng đều đặn 4 – 5 lần/ngày như xịt khoáng hoặc sử dụng như toner ngay sau bước rửa mặt.</li>\r\n</ul>\r\n\r\n<p><span style=\"color:rgb(0, 0, 0)\">&nbsp;</span><strong>Thông tin chi tiết sản phẩm</strong></p>\r\n\r\n<ul>\r\n	<li>Quy cách: Chai 250ml</li>\r\n	<li>Xuất xứ:<span style=\"color:rgb(51, 51, 51)\">Mỹ (USA)</span></li>\r\n	<li>Hãng SX:<span style=\"color:rgb(51, 51, 51)\">Lush</span></li>\r\n</ul>', '<ul>\r\n	<li style=\"text-align:justify\">Có thể xịt trước hoặc sau khi trang điểm giúp lớp trang điểm của bạn được bảo vệ lâu hơn, giúp da dễ ăn kem trang điểm hoặc phấn nền hơn.</li>\r\n	<li style=\"text-align:justify\">Dưỡng ẩm da khô khi ngồi nhiều điều hòa, máy tính nên sử dụng.</li>\r\n</ul>', '2020-03-28 06:20:51', 80, 1, 1, 102, 'Nuoc-hoa-hong-dang-xit-LUSH-Eau Roma-Water-toner-1.PNG'),
(44, 'Xịt khoáng Neutrogena Hydro Boost City Shield Gel Mist', 359000, '<p style=\"text-align:justify\">Với những người sở hữu làn da dầu, da mặt thường xuyên phải đối diện với tình trạng bóng nhờn liên tục, nhất là những ngày thời tiết nóng bức. Bề mặt da bóng mỡ, xỉn màu không chỉ khiến bạn mất điểm trong mắt người đối diện mà còn cực kì khó khăn khi trang điểm. Để giúp bạn khắc phục tình trạng này, xịt khoáng Neutrogena Hydro Boost City Shield Gel Mist sản phẩm xịt khoáng dạng gel cấp ẩm cho da dầu, sản phẩm sẽ bổ sung độ ẩm tức thì cho da dầu, giúp da hạn chế tiết dầu, giảm mệt mỏi và mang lại sự tươi mới cho làn da.</p>\r\n\r\n<p style=\"text-align:justify\"><strong>Ưu điểm</strong></p>\r\n\r\n<ul>\r\n	<li style=\"text-align:justify\">Hyaluronic Acid: Với khả năng cấp ẩm tức thì, Neutrogena Hydro Boost City Shield Gel Mist sẽ cung cấp các yếu tố dưỡng ẩm tự nhiên cho da. Sẽ giúp giảm thiểu hiện tượng khô căng cho da, nhất là với những người làm việc trong phòng máy lạnh, đồng thời ngăn chặn hiện tượng da bỏng rát hoặc khô căng do thời tiết và nhiệt độ môi trường.</li>\r\n	<li style=\"text-align:justify\">Antioxidants: giúp nuôi dưỡng làn da mềm mịn, chống lão hoá và tăng cường khả năng hấp thụ dưỡng chất của da.</li>\r\n	<li style=\"text-align:justify\">Botanical Extracts: chiết xuất lành tính tự nhiên nên phù hợp với làn da nhạy cảm nhất.</li>\r\n	<li style=\"text-align:justify\">Những hạt sương gel hình thành nên một mạng lưới trên bề mặt da, giúp thấm hút bã nhờn và đồng thời lưu giữ độ ẩm bên trong.</li>\r\n</ul>\r\n\r\n<p style=\"text-align:justify\"><strong>Hướng dẫn sử dụng:</strong></p>\r\n\r\n<p>Trước khi sử dụng xịt dưỡng da cấp ẩm Neutrogena Hydro Boost City Shield Gel Mist, bạn nên dùng giấy thấm dầu hoặc bông tẩy trang lau dầu nhờn và những vết bẩn trên da mặt để các thành phần dưỡng chất được thẩm thấu tốt hơn.</p>\r\n\r\n<p><span style=\"color:rgb(0, 0, 0)\">&nbsp;</span><strong>Thông tin chi tiết sản phẩm</strong></p>\r\n\r\n<ul>\r\n	<li>Quy cách: Chai 100ml</li>\r\n	<li>Xuất xứ:<span style=\"color:rgb(51, 51, 51)\">Mỹ (USA)</span></li>\r\n	<li>Hãng SX:<span style=\"color:rgb(51, 51, 51)\">Neutrogena</span></li>\r\n</ul>', '<ul>\r\n	<li style=\"text-align:justify\">Antioxidants: giúp nuôi dưỡng làn da mềm mịn, chống lão hoá và tăng cường khả năng hấp thụ dưỡng chất của da.</li>\r\n	<li style=\"text-align:justify\">Botanical Extracts: chiết xuất lành tính tự nhiên nên phù hợp với làn da nhạy cảm nhất.</li>\r\n	<li style=\"text-align:justify\">Những hạt sương gel hình thành nên một mạng lưới trên bề mặt da, giúp thấm hút bã nhờn và đồng thời lưu giữ độ ẩm bên trong.</li>\r\n</ul>', '2020-03-28 06:25:38', 80, 1, 3, 102, 'Xit-khoang-Neutrogena-Hydro-Boost-City-Shield-Gel-Mist-1.PNG');

-- --------------------------------------------------------

--
-- Table structure for table `producttype`
--

CREATE TABLE `producttype` (
  `productType_id` int(11) NOT NULL,
  `productType_name` varchar(70) COLLATE utf8_unicode_ci DEFAULT NULL,
  `productType_description` varchar(1000) COLLATE utf8_unicode_ci DEFAULT NULL,
  `productType_image` varchar(70) COLLATE utf8_unicode_ci DEFAULT NULL,
  `productType_status` tinyint(1) DEFAULT NULL,
  `parent_id` int(11) DEFAULT NULL
) ENGINE=InnoDB DEFAULT CHARSET=utf8 COLLATE=utf8_unicode_ci;

--
-- Dumping data for table `producttype`
--

INSERT INTO `producttype` (`productType_id`, `productType_name`, `productType_description`, `productType_image`, `productType_status`, `parent_id`) VALUES
(1, 'Chăm sóc da', '<p style=\\\"text-align: center;\\\"><span style=\\\"color:rgb(0, 0, 0); font-family:montserrat; font-size:16px\\\"><strong>Chăm sóc da toàn thân đúng cách </strong>sẽ giúp da mịn màng, trắng sang, khoẻ đẹp tự nhiên</span></p>', 'Bath-Body-works.jpg', 1, NULL),
(2, 'Chăm sóc toàn thân', '<p style=\\\"text-align: center;\\\"><strong>Chăm sóc da toàn thân đúng cách&nbsp;</strong><span style=\\\"background-color:rgb(245, 245, 245); color:rgb(0, 0, 0); font-family:montserrat; font-size:16px\\\">sẽ giúp da mịn màng, trắng sang, khoẻ đẹp tự nhiên</span></p>', 'Duong-the-Ultra-Shea-Body-Cream-Clementine-Mint-Leaves-2.jpg', 1, NULL),
(3, 'Makeup', '<p style=\\\"text-align: center;\\\"><strong>Makeup</strong><span style=\\\"color:rgb(60, 64, 67); font-family:arial,sans-serif; font-size:14px\\\">&nbsp;là công đoạn làm đẹp không thể thiếu trong công việc cũng như cuộc sống đời thường của các chị em phụ nữ.&nbsp;</span></p>', 'Chi-Ke-May-Maybelline-Define-Blend-Brow-Pencil-2.jpg', 1, NULL),
(101, 'Sữa rửa mặt', '<p style=\\\"text-align: center;\\\"><strong>Sữa rửa mặt</strong><span style=\\\"color:rgb(60, 64, 67); font-family:arial,sans-serif; font-size:14px\\\">&nbsp;có thể được sử&nbsp;</span><strong>dụng</strong><span style=\\\"color:rgb(60, 64, 67); font-family:arial,sans-serif; font-size:14px\\\">&nbsp;như một phần của chế độ chăm sóc da cùng với toner và kem dưỡng ẩm.&nbsp;</span></p>', 'SUA-RUA-MAT-GLAMGLOW-POWERCLEANSE-DAILY-DUAL-CLEANSER-75G-2.jpg', 1, 1),
(102, 'Xịt khoáng', '<p style=\\\"text-align:center\\\"><span style=\\\"color:rgb(34, 34, 34); font-family:arial,sans-serif; font-size:16px\\\">Giữ ẩm và chống lão hóa.&nbsp;</span><strong>Xịt khoáng</strong><span style=\\\"color:rgb(34, 34, 34); font-family:arial,sans-serif; font-size:16px\\\">&nbsp;có thể giúp làn da cân bằng pH và giảm thiểu&nbsp;</span><strong>tác</strong><span style=\\\"color:rgb(34, 34, 34); font-family:arial,sans-serif; font-size:16px\\\">&nbsp;hại từ các yếu tố bên ngoài như ô nhiễm khói bụi. ...</span></p>', 'Kem-duong-am-Celestial-Facial-Moisturiser-Lush-2.jpg', 1, 1),
(103, 'Kem dưỡng da', '<p style=\\\"text-align: center;\\\"><strong>Chăm sóc da toàn thân đúng cách&nbsp;</strong><span style=\\\"background-color:rgb(249, 249, 249); color:rgb(0, 0, 0); font-family:montserrat; font-size:16px\\\">sẽ giúp da mịn màng, trắng sang, khoẻ đẹp tự nhiên</span></p>', 'Kem-duong-am-Celestial-Facial-Moisturiser-Lush-2.jpg', 1, 1),
(104, 'Serum', '<p style=\\\"text-align:center\\\"><strong>Chống lão hóa,</strong> hạn chế nếp nhăn và tình trạng chảy xệ của da. Tăng sinh collagen, tái tạo da bị bào mòn, hư tổn và cung cấp vitamin cho da.</p>', 'cong-dung-xit-khoang.jpg', 1, 1),
(105, 'Toner', '<p><strong>Toner</strong><span style=\\\"color:rgb(34, 34, 34); font-family:arial,sans-serif; font-size:16px\\\">&nbsp;là sản phẩm cung cấp các dưỡng chất làm sạch sâu bên trong da và được sử&nbsp;</span><strong>dụng</strong><span style=\\\"color:rgb(34, 34, 34); font-family:arial,sans-serif; font-size:16px\\\">&nbsp;sau khi rửa mặt bằng sữa rửa mặt</span></p>', 'Toner.png', 1, 1),
(106, 'Mặt nạ', '<p style=\\\"text-align:center\\\"><strong>Mặt nạ</strong><span style=\\\"color:rgb(60, 64, 67); font-family:arial,sans-serif; font-size:14px\\\">&nbsp;là một trong những cách dễ dàng nhất để sở hữu một làn da khỏe mạnh chỉ trong một thời gian ngắn.&nbsp;</span></p>', 'matna.jpg', 1, 1),
(201, 'Kem dưỡng toàn thân', '<p style=\\\"text-align: center;\\\"><strong>Kem dưỡng</strong><span style=\\\"color:rgb(60, 64, 67); font-family:arial,sans-serif; font-size:14px\\\">&nbsp;da&nbsp;</span><strong>toàn thân</strong><span style=\\\"color:rgb(60, 64, 67); font-family:arial,sans-serif; font-size:14px\\\">&nbsp;giúp dưỡng da mịn màng, làm trắng sáng da. Nhưng để có hiệu quả tốt nhất thì bạn cần sử&nbsp;</span><strong>dụng</strong><span style=\\\"color:rgb(60, 64, 67); font-family:arial,sans-serif; font-size:14px\\\">&nbsp;kem trắng da&nbsp;</span><strong>toàn thân</strong><span style=\\\"color:rgb(60, 64, 67); font-family:arial,sans-serif; font-size:14px\\\">&nbsp;đúng cách.</span></p>', 'Kem-duong-am-Celestial-Facial-Moisturiser-Lush-2.jpg', 1, 2),
(202, 'Dầu gội-xả', '<p style=\\\"text-align: center;\\\"><span style=\\\"color:rgb(60, 64, 67); font-family:arial,sans-serif; font-size:14px\\\">Các loại&nbsp;</span><strong>dầu gội</strong><span style=\\\"color:rgb(60, 64, 67); font-family:arial,sans-serif; font-size:14px\\\">&nbsp;thiên nhiên có thành phần “thân thiện” hơn,&nbsp;</span><strong>tác dụng</strong><span style=\\\"color:rgb(60, 64, 67); font-family:arial,sans-serif; font-size:14px\\\">&nbsp;lâu bền hơn cho mái tóc.</span></p>', 'Dau-goi-Neutrogena-TGel-Therapeutic-Shampoo-Original-Formula-2.jpg', 1, 2),
(203, 'Sữa tắm', '<p style=\\\"text-align: center;\\\"><span style=\\\"color:rgb(60, 64, 67); font-family:arial,sans-serif; font-size:14px\\\">Cung cấp cho da các dưỡng chất tự nhiên, giúp duy trì độ ẩm của làn da khi bạn&nbsp;</span><strong>tắm</strong><span style=\\\"color:rgb(60, 64, 67); font-family:arial,sans-serif; font-size:14px\\\">.</span></p>', 'Sua-tam-Bath.jpg', 1, 2),
(301, 'Mặt', '<p style=\\\"text-align: center;\\\">Sử dụng sản phẩm từ những thương hiệu uy tín.</p>', 'Bang-Mau-Mat-Colourpop-Strawberry-Shake-Pressed-Powder-Palette-2.jpg', 1, 3),
(302, 'Mắt', '<p style=\\\"text-align: center;\\\"><span style=\\\"font-size:14px\\\"><strong>Một đôi mắt sắc sảo</strong>&nbsp;sẽ làm bạn cuốn hút hơn khi xuất hiện trước mọi người, đặc biệt ở các buổi tiệc hay sự kiện quan trọng.</span></p>', 'but-ke-mat-nuoc-maybelline-hyper-sharp-laser-eyeliner-1.jpg', 1, 3),
(303, 'Môi', '<p style=\\\"text-align: center;\\\">Được chiết xuất từ thiên nhiên và không chì</p>', 'Son-Kem-Li-Nyx-Lingerie-Liquid-Lipstick-3.jpg', 1, 3);

-- --------------------------------------------------------

--
-- Table structure for table `slide`
--

CREATE TABLE `slide` (
  `slide_id` int(11) NOT NULL,
  `image` varchar(255) COLLATE utf8_unicode_ci NOT NULL,
  `product_id` int(11) NOT NULL
) ENGINE=InnoDB DEFAULT CHARSET=utf8 COLLATE=utf8_unicode_ci;

--
-- Dumping data for table `slide`
--

INSERT INTO `slide` (`slide_id`, `image`, `product_id`) VALUES
(1, 'sp11.jpg', 1),
(2, 'sp12.jpg', 1),
(3, 'sp13.jpg', 1),
(4, 'sp14.jpg', 1),
(5, 'Duong-the-Ultra-Shea-Body-Cream-Clementine-Mint-Leaves-1.jpg', 2),
(6, 'Duong-the-Ultra-Shea-Body-Cream-Clementine-Mint-Leaves-2.jpg', 2),
(7, 'Duong-the-Ultra-Shea-Body-Cream-Clementine-Mint-Leaves-3.jpg', 2),
(8, 'Duong-the-Ultra-Shea-Body-Cream-Clementine-Mint-Leaves-4.jpg', 2),
(9, 'Duong-the-Ultra-Shea-Body-Cream-Clementine-Mint-Leaves-5.jpg', 2),
(10, 'Sua-tam-Bath-and-Body-Works-Aromatheraphy-Stress-Relief-Eucalyptus-Spearmint-1.jpg', 3),
(11, 'Sua-tam-Bath-and-Body-Works-Aromatheraphy-Stress-Relief-Eucalyptus-Spearmint-2.jpg', 3),
(12, 'Sua-tam-Bath-and-Body-Works-Aromatheraphy-Stress-Relief-Eucalyptus-Spearmint-3.jpg', 3),
(13, 'Sua-tam-Bath-and-Body-Works-Aromatheraphy-Stress-Relief-Eucalyptus-Spearmint-4.jpg', 3),
(14, 'Sua-tam-Bath-and-Body-Works-Aromatheraphy-Stress-Relief-Eucalyptus-Spearmint-5.jpg', 3),
(16, 'Sua-tam-Bath-and-Body-Works-Shower-Gel-Japanese-Cherry-Blossom-1.jpg', 4),
(17, 'Sua-tam-Bath-and-Body-Works-Shower-Gel-Japanese-Cherry-Blossom-2.jpg', 4),
(18, 'Sua-tam-Bath-and-Body-Works-Shower-Gel-Japanese-Cherry-Blossom-3.jpg', 4),
(20, 'Sua-tam-Bath-and-Body-Works-Shower-Gel-Japanese-Cherry-Blossom-5.jpg', 4),
(22, 'Banh-dau-goi-dau-LUSH-Shampoo-bar-1.jpg', 5),
(23, 'Banh-dau-goi-dau-LUSH-Shampoo-bar-2.jpg', 5),
(24, 'Banh-dau-goi-dau-LUSH-Shampoo-bar-3.jpg', 5),
(25, 'Banh-dau-goi-dau-LUSH-Shampoo-bar-4.jpg', 5),
(27, 'Kem-duong-toan-than-LUSH-Sleepy-body-lotion-1.jpg', 6),
(28, 'Kem-duong-toan-than-LUSH-Sleepy-body-lotion-2.jpg', 6),
(29, 'Kem-duong-toan-than-LUSH-Sleepy-body-lotion-3.jpg', 6),
(30, 'Kem-duong-toan-than-LUSH-Sleepy-body-lotion-4.jpg', 6),
(31, 'Kem-duong-toan-than-LUSH-Sleepy-body-lotion-5.jpg', 6),
(32, 'Sua-tam-LUSH-Dirty-Springwash-shower-gel-1.jpg', 7),
(33, 'Sua-tam-LUSH-Dirty-Springwash-shower-gel-2.jpg', 7),
(34, 'Sua-tam-LUSH-Dirty-Springwash-shower-gel-3.jpg', 7),
(37, 'Duong-the-Neutrogena-Hydro-Boost-Body-Gel-Cream-1.jpg', 8),
(38, 'Duong-the-Neutrogena-Hydro-Boost-Body-Gel-Cream-2.jpg', 8),
(39, 'Duong-the-Neutrogena-Hydro-Boost-Body-Gel-Cream-3.jpg', 8),
(40, 'Duong-the-Neutrogena-Hydro-Boost-Body-Gel-Cream-4.jpg', 8),
(41, 'Duong-the-Neutrogena-Hydro-Boost-Body-Gel-Cream-5.jpg', 8),
(42, 'Kem-duong-the-Neutrogena-Hydro-Boost-Whipped-Body-Balm-1.jpg', 9),
(43, 'Kem-duong-the-Neutrogena-Hydro-Boost-Whipped-Body-Balm-2.jpg', 9),
(44, 'Kem-duong-the-Neutrogena-Hydro-Boost-Whipped-Body-Balm-3.jpg', 9),
(45, 'Kem-duong-the-Neutrogena-Hydro-Boost-Whipped-Body-Balm-4.jpg', 9),
(46, 'Dau-goi-Neutrogena-TGel-Therapeutic-Shampoo-Original-Formula-1.jpg', 10),
(47, 'Dau-goi-Neutrogena-TGel-Therapeutic-Shampoo-Original-Formula-2.jpg', 10),
(48, 'Dau-goi-Neutrogena-TGel-Therapeutic-Shampoo-Original-Formula-3.jpg', 10),
(49, 'Dau-goi-Neutrogena-TGel-Therapeutic-Shampoo-Original-Formula-4.jpg', 10),
(50, 'Dau-goi-Neutrogena-TGel-Therapeutic-Shampoo-Original-Formula-5.jpg', 10),
(51, 'Dau-goi-Neutrogena-Triple-Moisture-Cream-Lather-Shampoo-1.jpg', 11),
(52, 'Dau-goi-Neutrogena-Triple-Moisture-Cream-Lather-Shampoo-2.jpg', 11),
(55, 'Dau-goi-Neutrogena-Triple-Moisture-Cream-Lather-Shampoo-5.jpg', 11),
(56, 'Sua-tam-Neutrogena-Body-Clear-Body-Scrub-1.jpg', 12),
(59, 'Sua-tam-Neutrogena-RainBath-Fresh-Plum-1.jpg', 13),
(60, 'Sua-tam-Neutrogena-RainBath-Fresh-Plum-2.jpg', 13),
(61, 'Sua-tam-Neutrogena-RainBath-Fresh-Plum-3.png', 13),
(62, 'Sua-tam-Neutrogena-RainBath-Fresh-Plum-4.jpeg', 13),
(63, 'Sua-tam-Neutrogena-RainBath-Fresh-Plum-5.jpg', 13),
(64, 'GLAMGLOW–Kem-Duong-GLOWSTARTER-Mega-Illuminating-Moisturizer-1.jpg', 14),
(65, 'GLAMGLOW–Kem-Duong-GLOWSTARTER-Mega-Illuminating-Moisturizer-2.jpg', 14),
(66, 'GLAMGLOW–Kem-Duong-GLOWSTARTER-Mega-Illuminating-Moisturizer-3.jpg', 14),
(67, 'GLAMGLOW–Kem-Duong-GLOWSTARTER-Mega-Illuminating-Moisturizer-4.jpg', 14),
(68, 'GLAMGLOW–Kem-Duong-GLOWSTARTER-Mega-Illuminating-Moisturizer-5.jpg', 14),
(69, 'SUA-RUA-MAT-GLAMGLOW-POWERCLEANSE-DAILY-DUAL-CLEANSER-75G-1.png', 15),
(70, 'SUA-RUA-MAT-GLAMGLOW-POWERCLEANSE-DAILY-DUAL-CLEANSER-75G-2.jpg', 15),
(71, 'Sua-Rua-Mat-GLAMGLOW-YOUTHCLEANSE-1.jpg', 16),
(72, 'Nuoc-Hoa-hong-GLAMGLOW-SUPERTONER-Exfoliating-Acid-Solution-Toner-200ml.png', 17),
(73, 'Kem-duong-am-Celestial-Facial-Moisturiser-Lush-1.jpg', 18),
(74, 'Kem-duong-am-Celestial-Facial-Moisturiser-Lush-2.jpg', 18),
(75, 'Sua-Rua-Mat-Lush-Herbalism-100g-1.png', 19),
(76, 'Sua-Rua-Mat-Lush-Herbalism-100g-2.jpg', 19),
(78, 'Sua-Rua-Mat-Neutrogena-Oil-Free-Acne-Wash-269ml-1.jpg', 20),
(80, 'Sua-Rua-Mat-Neutrogena-Oil-Free-Acne-Wash-269ml-3.jpg', 20),
(81, 'Sua-Rua-Mat-Neutrogena-Oil-Free-Acne-Wash-269ml-4.jpg', 20),
(82, 'Nuoc-Hoa-Hong-Khong-Con-Neutrogena-Alcohol-Free-Toner-1.jpg', 21),
(84, 'Nuoc-Hoa-Hong-Khong-Con-Neutrogena-Alcohol-Free-Toner-3.jpg', 21),
(85, 'Kem-Lot-Duong-Da-NYX-Tinh-Chat-Vang-22ml-1.jpg', 22),
(86, 'Kem-Lot-Duong-Da-NYX-Tinh-Chat-Vang-22ml-2.png', 22),
(87, 'Kem-Lot-Duong-Da-NYX-Tinh-Chat-Vang-22ml-3.jpeg', 22),
(88, 'Kem-Nen-Colourpop-No-Filter-Natural-Matte-Foundation-1.jpg', 23),
(89, 'Kem-Nen-Colourpop-No-Filter-Natural-Matte-Foundation-2.jpg', 23),
(90, 'Kem-Nen-Colourpop-No-Filter-Natural-Matte-Foundation-3.jpg', 23),
(91, 'Kem-Nen-Min-Li-Maybelline-30ml-1.jpg', 24),
(92, 'Kem-Nen-Min-Li-Maybelline-30ml-2.jpg', 24),
(94, 'Kem-Nen-Min-Li-Maybelline-30ml-4.jpg', 24),
(95, 'Phan-Nen-Sieu-Min-Maybelline-Fit-Me-Skin-Fit-Powder-Foundation-9Gr-1.jpg', 25),
(96, 'Phan-Nen-Sieu-Min-Maybelline-Fit-Me-Skin-Fit-Powder-Foundation-9Gr-2.jpg', 25),
(98, 'Phan-Nen-Sieu-Min-Maybelline-Fit-Me-Skin-Fit-Powder-Foundation-9Gr-4.jpg', 25),
(99, 'Xit-Khoa-Lop-Trang-Diem-Nyx-Long-Lasting-Setting-Spray-1.jpg', 26),
(100, 'Xit-Khoa-Lop-Trang-Diem-Nyx-Long-Lasting-Setting-Spray-2.jpg', 26),
(101, 'Xit-Khoa-Lop-Trang-Diem-Nyx-Long-Lasting-Setting-Spray-3.jpg', 26),
(102, 'Bang-Mau-Mat-Colourpop-Strawberry-Shake-Pressed-Powder-Palette-1.jpg', 27),
(103, 'Bang-Mau-Mat-Colourpop-Strawberry-Shake-Pressed-Powder-Palette-2.jpg', 27),
(104, 'Bang-Mau-Mat-Colourpop-Strawberry-Shake-Pressed-Powder-Palette-3.jpg', 27),
(105, 'Bang-Mau-Mat-Colourpop-Strawberry-Shake-Pressed-Powder-Palette-4.jpg', 27),
(106, 'Bang-Mau-Mat-Colourpop-Strawberry-Shake-Pressed-Powder-Palette-5.jpg', 27),
(107, 'but-ke-mat-nuoc-maybelline-hyper-sharp-laser-eyeliner-1.jpg', 28),
(109, 'but-ke-mat-nuoc-maybelline-hyper-sharp-laser-eyeliner-3.jpg', 28),
(110, 'but-ke-mat-nuoc-maybelline-hyper-sharp-laser-eyeliner-4.jpg', 28),
(111, 'but-ke-mat-nuoc-maybelline-hyper-sharp-laser-eyeliner-5.jpg', 28),
(112, 'Chi-Ke-May-Maybelline-Define-Blend-Brow-Pencil-1.jpg', 29),
(113, 'Chi-Ke-May-Maybelline-Define-Blend-Brow-Pencil-2.jpg', 29),
(114, 'Chi-Ke-May-Maybelline-Define-Blend-Brow-Pencil-3.jpg', 29),
(115, 'Chi-Ke-May-Maybelline-Define-Blend-Brow-Pencil-4.jpg', 29),
(116, 'Chi-Ke-May-Maybelline-Define-Blend-Brow-Pencil-5.jpg', 29),
(117, 'Phan-Mat-Nhu-Cao-Cap-Nyx-Cosmetics-Prismatic-Eyeshadow-1.jpg', 30),
(118, 'Phan-Mat-Nhu-Cao-Cap-Nyx-Cosmetics-Prismatic-Eyeshadow-2.jpg', 30),
(119, 'Phan-Mat-Nhu-Cao-Cap-Nyx-Cosmetics-Prismatic-Eyeshadow-3.jpg', 30),
(120, 'Phan-Mat-Nhu-Cao-Cap-Nyx-Cosmetics-Prismatic-Eyeshadow-4.jpg', 30),
(121, 'Phan-Mat-Nhu-Cao-Cap-Nyx-Cosmetics-Prismatic-Eyeshadow-5.jpg', 30),
(122, 'Set-Son-Colourpop-Got-A-Minute-Lippie-Stix-Bundle-X3-1.jpg', 31),
(124, 'Set-Son-Colourpop-Got-A-Minute-Lippie-Stix-Bundle-X3-3.jpg', 31),
(125, 'Set-Son-Colourpop-Got-A-Minute-Lippie-Stix-Bundle-X3-4.jpg', 31),
(126, 'Set-Son-Colourpop-Got-A-Minute-Lippie-Stix-Bundle-X3-5.jpg', 31),
(127, 'Son-Kem-Li-Lau-Troi-Maybelline-Super-Stay-Matte-Ink-1.jpg', 32),
(128, 'Son-Kem-Li-Lau-Troi-Maybelline-Super-Stay-Matte-Ink-2.jpg', 32),
(129, 'Son-Kem-Li-Lau-Troi-Maybelline-Super-Stay-Matte-Ink-3.jpg', 32),
(130, 'Son-Kem-Li-Lau-Troi-Maybelline-Super-Stay-Matte-Ink-4.jpg', 32),
(132, 'Son-Kem-Li-Nyx-Lingerie-Liquid-Lipstick-1.jpg', 33),
(134, 'Son-Kem-Li-Nyx-Lingerie-Liquid-Lipstick-3.jpg', 33),
(135, 'Son-Kem-Li-Nyx-Lingerie-Liquid-Lipstick-4.jpg', 33),
(136, 'Son-Kem-Li-Nyx-Lingerie-Liquid-Lipstick-5.jpg', 33),
(137, 'Son-Li-Colourpop-Lippie-Stix-1Gr-1.jpg', 34),
(141, 'Son-Li-Colourpop-Lippie-Stix-1Gr-5.jpg', 34),
(142, 'Mat-na-GLAMGLOW-SUPERMUD-Clearing-Treatment-1.PNG', 35),
(143, 'Mat-na-GLAMGLOW-SUPERMUD-Clearing-Treatment-2.PNG', 35),
(144, 'Mat-na-GLAMGLOW-SUPERMUD-Clearing-Treatment-3.PNG', 35),
(145, 'Mat-na-GLAMGLOW-SUPERMUD-Clearing-Treatment-4.PNG', 35),
(146, 'Mat-na-GLAMGLOW-SUPERMUD-Clearing-Treatment-5.PNG', 35),
(147, 'Mat-Na-Sui-Bot-GLAMGLOW-BUBBLE-SHEET-1.PNG', 36),
(148, 'Mat-Na-Sui-Bot-GLAMGLOW-BUBBLE-SHEET-2.PNG', 36),
(149, 'Mat-Na-Sui-Bot-GLAMGLOW-BUBBLE-SHEET-3.PNG', 36),
(150, 'Mat-Na-Sui-Bot-GLAMGLOW-BUBBLE-SHEET-4.PNG', 36),
(151, 'Mat-Na-Sui-Bot-GLAMGLOW-BUBBLE-SHEET-5.PNG', 36),
(152, 'Mat-na-Lush-Mask-Of-Magnaminty-1.PNG', 37),
(153, 'Mat-na-Lush-Mask-Of-Magnaminty-2.PNG', 37),
(154, 'Mat-na-Lush-Mask-Of-Magnaminty-3.PNG', 37),
(155, 'Mat-na-Lush-Mask-Of-Magnaminty-4.PNG', 37),
(156, 'Mat-na-Lush-Mask-Of-Magnaminty-5.PNG', 37),
(157, 'Mat-na-tuoi-Lush-Dont-Look-At-Me-1.PNG', 38),
(158, 'Mat-na-tuoi-Lush-Dont-Look-At-Me-2.PNG', 38),
(159, 'Mat-na-tuoi-Lush-Dont-Look-At-Me-3.PNG', 38),
(160, 'Mat-na-tuoi-Lush-Dont-Look-At-Me-4.PNG', 38),
(161, 'Mat-na-tuoi-Lush-Dont-Look-At-Me-5.PNG', 38),
(162, 'Tinh-chat-Glamglow-SUPERSERUM-30ml-1.PNG', 39),
(163, 'Tinh-chat-Glamglow-SUPERSERUM-30ml-2.PNG', 39),
(164, 'Tinh-chat-Glamglow-SUPERSERUM-30ml-3.PNG', 39),
(165, 'Tinh-chat-Glamglow-SUPERSERUM-30ml-4.PNG', 39),
(166, 'Tinh-chat-Glamglow-SUPERSERUM-30ml-5.PNG', 39),
(167, 'Tinh-chat-duong-am-Neutrogena-Hydro-Boost-Hydrating-Serum-30ml-1.PNG', 40),
(168, 'Tinh-chat-duong-am-Neutrogena-Hydro-Boost-Hydrating-Serum-30ml-2.PNG', 40),
(169, 'Tinh-chat-duong-am-Neutrogena-Hydro-Boost-Hydrating-Serum-30ml-3.PNG', 40),
(170, 'Tinh-chat-duong-am-Neutrogena-Hydro-Boost-Hydrating-Serum-30ml-4.PNG', 40),
(171, 'Tinh-chat-duong-am-Neutrogena-Hydro-Boost-Hydrating-Serum-30ml-5.PNG', 40),
(172, 'Tinh-Chat-Neutrogena-Hydro-Boost-Multivitamin-Booster-30ml-1.PNG', 41),
(173, 'Tinh-Chat-Neutrogena-Hydro-Boost-Multivitamin-Booster-30ml-2.PNG', 41),
(174, 'Tinh-Chat-Neutrogena-Hydro-Boost-Multivitamin-Booster-30ml-3.PNG', 41),
(175, 'Tinh-Chat-Neutrogena-Hydro-Boost-Multivitamin-Booster-30ml-4.PNG', 41),
(176, 'Tinh-Chat-Neutrogena-Hydro-Boost-Multivitamin-Booster-30ml-5.PNG', 41),
(177, 'Nuoc-hoa-hong-dang-xit-cho-da-dau-mun-Lush-Tea-Tree-Water-1.PNG', 42),
(178, 'Nuoc-hoa-hong-dang-xit-cho-da-dau-mun-Lush-Tea-Tree-Water-2.PNG', 42),
(179, 'Nuoc-hoa-hong-dang-xit-cho-da-dau-mun-Lush-Tea-Tree-Water-3.PNG', 42),
(180, 'Nuoc-hoa-hong-dang-xit-cho-da-dau-mun-Lush-Tea-Tree-Water-4.PNG', 42),
(181, 'Nuoc-hoa-hong-dang-xit-cho-da-dau-mun-Lush-Tea-Tree-Water-5.PNG', 42),
(182, 'Nuoc-hoa-hong-dang-xit-LUSH-Eau Roma-Water-toner-1.PNG', 43),
(183, 'Nuoc-hoa-hong-dang-xit-LUSH-Eau Roma-Water-toner-2.PNG', 43),
(184, 'Nuoc-hoa-hong-dang-xit-LUSH-Eau Roma-Water-toner-3.PNG', 43),
(185, 'Nuoc-hoa-hong-dang-xit-LUSH-Eau Roma-Water-toner-4.PNG', 43),
(186, 'Nuoc-hoa-hong-dang-xit-LUSH-Eau Roma-Water-toner-5.PNG', 43),
(187, 'Xit-khoang-Neutrogena-Hydro-Boost-City-Shield-Gel-Mist-1.PNG', 44),
(188, 'Xit-khoang-Neutrogena-Hydro-Boost-City-Shield-Gel-Mist-2.PNG', 44),
(189, 'Xit-khoang-Neutrogena-Hydro-Boost-City-Shield-Gel-Mist-3.PNG', 44),
(190, 'Xit-khoang-Neutrogena-Hydro-Boost-City-Shield-Gel-Mist-4.PNG', 44),
(191, 'Xit-khoang-Neutrogena-Hydro-Boost-City-Shield-Gel-Mist-5.PNG', 44);

-- --------------------------------------------------------

--
-- Table structure for table `users`
--

CREATE TABLE `users` (
  `user_id` int(11) NOT NULL,
  `username` varchar(100) COLLATE utf8_unicode_ci NOT NULL,
  `password` varchar(100) COLLATE utf8_unicode_ci NOT NULL,
  `role` tinyint(1) NOT NULL,
  `cust_id` int(11) DEFAULT NULL
) ENGINE=InnoDB DEFAULT CHARSET=utf8 COLLATE=utf8_unicode_ci;

--
-- Dumping data for table `users`
--

INSERT INTO `users` (`user_id`, `username`, `password`, `role`, `cust_id`) VALUES
(5, 'anhtam', '$2y$10$ufC8KsFGxTr1wGkJfQaTpeUqwdtflvJSdxcaLNzZFt26o/o6y3P0C', 1, NULL),
(6, 'minhhoai', '$2y$10$uCk.lGVxxGpzVOqN9wsVd.ARKSt0S4fUsTxlI1Moj40Gz5GLnWEXK', 2, NULL),
(7, 'hongnhi', '$2y$10$zac7QIfotKn7OB4KEwp4gOKNlVd4KGSpCed1DI0xFlXEOlL0EP1/m', 3, NULL),
(8, 'hoangtuan', '$2y$10$dYFN9z9K3vXu5wORfDHrYOqAcuNj4bltOlpj0gKuKMWNVWdEX0OEu', 4, 1),
(9, 'anhtam1', '$2y$10$gmC2vLYFOMYLFgK8mGaiuuehwmAWeucEPQ7wtX6X5uI.vaxKl77r2', 4, 2);

--
-- Indexes for dumped tables
--

--
-- Indexes for table `brand`
--
ALTER TABLE `brand`
  ADD PRIMARY KEY (`brand_id`);

--
-- Indexes for table `comment`
--
ALTER TABLE `comment`
  ADD PRIMARY KEY (`cment_id`),
  ADD KEY `product_id` (`product_id`),
  ADD KEY `cust_id` (`cust_id`);

--
-- Indexes for table `customer`
--
ALTER TABLE `customer`
  ADD PRIMARY KEY (`cust_id`);

--
-- Indexes for table `feedback`
--
ALTER TABLE `feedback`
  ADD PRIMARY KEY (`fb_id`),
  ADD KEY `cust_id` (`cust_id`);

--
-- Indexes for table `news`
--
ALTER TABLE `news`
  ADD PRIMARY KEY (`n_id`);

--
-- Indexes for table `orderdetail`
--
ALTER TABLE `orderdetail`
  ADD PRIMARY KEY (`orderDetail_id`),
  ADD KEY `order_id` (`order_id`),
  ADD KEY `product_id` (`product_id`);

--
-- Indexes for table `orders`
--
ALTER TABLE `orders`
  ADD PRIMARY KEY (`order_id`),
  ADD KEY `cust_id` (`cust_id`);

--
-- Indexes for table `product`
--
ALTER TABLE `product`
  ADD PRIMARY KEY (`product_id`),
  ADD KEY `brand_id` (`brand_id`),
  ADD KEY `productType_id` (`productType_id`);

--
-- Indexes for table `producttype`
--
ALTER TABLE `producttype`
  ADD PRIMARY KEY (`productType_id`),
  ADD KEY `fk_category` (`parent_id`);

--
-- Indexes for table `slide`
--
ALTER TABLE `slide`
  ADD PRIMARY KEY (`slide_id`),
  ADD KEY `fk_group` (`product_id`);

--
-- Indexes for table `users`
--
ALTER TABLE `users`
  ADD PRIMARY KEY (`user_id`),
  ADD KEY `fk_cust` (`cust_id`);

--
-- AUTO_INCREMENT for dumped tables
--

--
-- AUTO_INCREMENT for table `brand`
--
ALTER TABLE `brand`
  MODIFY `brand_id` int(11) NOT NULL AUTO_INCREMENT, AUTO_INCREMENT=8;

--
-- AUTO_INCREMENT for table `comment`
--
ALTER TABLE `comment`
  MODIFY `cment_id` int(11) NOT NULL AUTO_INCREMENT, AUTO_INCREMENT=16;

--
-- AUTO_INCREMENT for table `customer`
--
ALTER TABLE `customer`
  MODIFY `cust_id` int(11) NOT NULL AUTO_INCREMENT, AUTO_INCREMENT=3;

--
-- AUTO_INCREMENT for table `feedback`
--
ALTER TABLE `feedback`
  MODIFY `fb_id` int(11) NOT NULL AUTO_INCREMENT, AUTO_INCREMENT=3;

--
-- AUTO_INCREMENT for table `news`
--
ALTER TABLE `news`
  MODIFY `n_id` int(11) NOT NULL AUTO_INCREMENT, AUTO_INCREMENT=15;

--
-- AUTO_INCREMENT for table `orderdetail`
--
ALTER TABLE `orderdetail`
  MODIFY `orderDetail_id` int(11) NOT NULL AUTO_INCREMENT, AUTO_INCREMENT=88;

--
-- AUTO_INCREMENT for table `orders`
--
ALTER TABLE `orders`
  MODIFY `order_id` int(11) NOT NULL AUTO_INCREMENT, AUTO_INCREMENT=96;

--
-- AUTO_INCREMENT for table `product`
--
ALTER TABLE `product`
  MODIFY `product_id` int(11) NOT NULL AUTO_INCREMENT, AUTO_INCREMENT=45;

--
-- AUTO_INCREMENT for table `producttype`
--
ALTER TABLE `producttype`
  MODIFY `productType_id` int(11) NOT NULL AUTO_INCREMENT, AUTO_INCREMENT=403;

--
-- AUTO_INCREMENT for table `slide`
--
ALTER TABLE `slide`
  MODIFY `slide_id` int(11) NOT NULL AUTO_INCREMENT, AUTO_INCREMENT=192;

--
-- AUTO_INCREMENT for table `users`
--
ALTER TABLE `users`
  MODIFY `user_id` int(11) NOT NULL AUTO_INCREMENT, AUTO_INCREMENT=12;

--
-- Constraints for dumped tables
--

--
-- Constraints for table `comment`
--
ALTER TABLE `comment`
  ADD CONSTRAINT `comment_ibfk_1` FOREIGN KEY (`product_id`) REFERENCES `product` (`product_id`),
  ADD CONSTRAINT `comment_ibfk_2` FOREIGN KEY (`cust_id`) REFERENCES `customer` (`cust_id`);

--
-- Constraints for table `feedback`
--
ALTER TABLE `feedback`
  ADD CONSTRAINT `feedback_ibfk_1` FOREIGN KEY (`cust_id`) REFERENCES `customer` (`cust_id`);

--
-- Constraints for table `orderdetail`
--
ALTER TABLE `orderdetail`
  ADD CONSTRAINT `orderdetail_ibfk_1` FOREIGN KEY (`order_id`) REFERENCES `orders` (`order_id`),
  ADD CONSTRAINT `orderdetail_ibfk_2` FOREIGN KEY (`product_id`) REFERENCES `product` (`product_id`);

--
-- Constraints for table `orders`
--
ALTER TABLE `orders`
  ADD CONSTRAINT `orders_ibfk_1` FOREIGN KEY (`cust_id`) REFERENCES `customer` (`cust_id`);

--
-- Constraints for table `product`
--
ALTER TABLE `product`
  ADD CONSTRAINT `product_ibfk_1` FOREIGN KEY (`brand_id`) REFERENCES `brand` (`brand_id`),
  ADD CONSTRAINT `product_ibfk_2` FOREIGN KEY (`productType_id`) REFERENCES `producttype` (`productType_id`);

--
-- Constraints for table `producttype`
--
ALTER TABLE `producttype`
  ADD CONSTRAINT `fk_category` FOREIGN KEY (`parent_id`) REFERENCES `producttype` (`productType_id`);

--
-- Constraints for table `slide`
--
ALTER TABLE `slide`
  ADD CONSTRAINT `fk_group` FOREIGN KEY (`product_id`) REFERENCES `product` (`product_id`);

--
-- Constraints for table `users`
--
ALTER TABLE `users`
  ADD CONSTRAINT `fk_cust` FOREIGN KEY (`cust_id`) REFERENCES `customer` (`cust_id`);
COMMIT;

/*!40101 SET CHARACTER_SET_CLIENT=@OLD_CHARACTER_SET_CLIENT */;
/*!40101 SET CHARACTER_SET_RESULTS=@OLD_CHARACTER_SET_RESULTS */;
/*!40101 SET COLLATION_CONNECTION=@OLD_COLLATION_CONNECTION */;
